{"current":{"license":"cb2ba312-c5be-4b92-b351-ec69aa99e4d0","container":1440,"container_fluid":75,"background_homepage":"#1e1e20","background_repeat_homepage":"no-repeat","background_size_homepage":"contain","index_btn_gradient":"linear-gradient(135deg, rgba(11, 40, 58, 1), rgba(58, 175, 169, 1) 35%, rgba(120, 191, 160, 1) 47%, rgba(120, 191, 160, 1) 53%, rgba(58, 175, 169, 1) 65%, rgba(11, 40, 58, 1) 100%)","index_btn_gradient_color":"#ffffff","index_btn_gradient_hover":"linear-gradient(135deg, rgba(11, 40, 58, 1), rgba(58, 175, 169, 1) 35%, rgba(120, 191, 160, 1) 58%, rgba(120, 191, 160, 1) 64%, rgba(58, 175, 169, 1) 76%, rgba(11, 40, 58, 1) 100%)","header_layout":"header-1","footer_layout":"footer-1","type_sidebar":"full_width","type_sidebar_product":"accordion","type_sidebar_blog":"sidebar_left","enable_stickymenu_mobile":false,"type_header_family":"dm_sans_n4","type_base_family":"dm_sans_n4","type_google":true,"type_header_family_google":"Orbitron","type_base_family_google":"Poppins","section_heading_font_size":40,"section_heading_font_weight":"600","section_subheading_font_size":16,"section_descheading_font_size":16,"section_heading_spacing":60,"heading_font_weight":"800","heading_font_style":"normal","heading_line_height":"1.2","heading_font_size_h1":36,"heading_font_size_h2":24,"heading_font_size_h3":18,"heading_font_size_h4":16,"heading_font_size_h5":14,"heading_font_size_h6":10,"body_font_size":14,"body_font_style":"normal","btn_thickness":1,"btn_corner":50,"btn_font_size":14,"btn_font_weight":"500","btn_text_transform":"capitalize","btn_font_family":"default","btn_normal_width":125,"btn_normal_height":51,"btn_medium_width":180,"btn_medium_height":54,"btn_large_width":195,"btn_large_height":54,"social_twitter_link":"","social_facebook_link":"","social_pinterest_link":"","social_instagram_link":"","social_dribbble_link":"","social_google_link":"","social_linkedin_link":"","social_tumblr_link":"","social_snapchat_link":"","social_youtube_link":"","social_vimeo_link":"","social_tiktok":"","show_newsletter_popup":false,"newsletter_sm":false,"newsletter_type":"newsletter","newsletter_promoimg":"shopify:\/\/shop_images\/Backpack-popup.png","preferences_newsletter":false,"title_newsletter":"NEWSLETTER","desc_newsletter":"Get 15% off your first purchaxse! Plus, be the first to know  about sales, new product launches and exclusive offers!","bg_newsletter":"shopify:\/\/shop_images\/newletter.jpg","show_language":false,"enable_rtl":false,"lang_iso_rtl":"ar, ha, dv","show_language_flag":false,"lang_flag_1":"shopify:\/\/shop_images\/gb.svg","lang_flag_2":"shopify:\/\/shop_images\/fr.svg","lang_flag_3":"shopify:\/\/shop_images\/de.svg","lang_flag_4":"shopify:\/\/shop_images\/arab.svg","show_multiple_currencies":false,"show_currency_flag":false,"currency_flag_1":"shopify:\/\/shop_images\/de.svg","currency_flag_2":"shopify:\/\/shop_images\/gb.svg","currency_flag_3":"shopify:\/\/shop_images\/us.svg","currency_flag_4":"shopify:\/\/shop_images\/us.svg","color_search":"scheme-7dbefc98-3883-4d4e-937c-abd51fb30fa2","search_btn_style":"btn-secondary","key_trend_1":"GeekVape","key_trend_2":"Pods","key_trend_3":"Nikotinsalz","key_trend_4":"Vape","key_trend_5":"SC Liquid","key_trend_6":"Revoltage","breadcrumbs_enable":true,"breadcrumb_product_border_color":"#ededed","breadcrumb_product_bg":"rgba(0,0,0,0)","breadcrumb_product_top":23,"breadcrumb_product_bottom":23,"breadcrumb_product_margin_bottom":0,"breadcrumb_collection_border_color":"#abca20","breadcrumb_collection_bg":"#eeeeee","breadcrumb_collection_top":20,"breadcrumb_collection_bottom":10,"breadcrumb_collection_bottom_lg":10,"breadcrumb_collection_bottom_md":10,"breadcrumb_collection_bottom_sm":10,"breadcrumb_collection_bottom_xs":10,"breadcrumb_collection_margin_bottom":60,"breadcrumb_collection_margin_bottom_lg":60,"breadcrumb_collection_margin_bottom_md":60,"breadcrumb_collection_margin_bottom_sm":60,"breadcrumb_collection_margin_bottom_xs":60,"countdown_deal_t":"END IN :","icon_deal":"shopify:\/\/shop_images\/icon-bolt.gif","countdown_deal":"2025-09-31","breadcrumb_inner_border_color":"#ededed","breadcrumb_inner_bg":"#ffffff","breadcrumb_inner_top":160,"breadcrumb_inner_bottom":160,"breadcrumb_inner_margin_bottom":0,"time_newproduct":30,"corner_product":25,"show_border_product":true,"show_background_product":true,"show_badge_new_product":false,"show_badge_sale_product":true,"product_type":false,"show_rating":true,"wishlist_enable":false,"quickview_enable":false,"addtocart_enable":false,"use_color_swatch":false,"option_color_swatch":"color, Color, colors","color_swatch_style":"color","payment_button_enable":false,"tooltip_enable":false,"product_border":"#f5f6fc","product_background":"#ffffff","product_title":"#1c1c1c","product_title_hover":"#abca20","product_price":"#1c1c1c","product_reduced_price":"#d6d6d6","on_product_button":"#1e1e20","product_button":"#ffffff","product_button_border":"#ffffff","on_product_button_hover":"#ffffff","product_button_hover":"#abca20","product_button_border_hover":"#abca20","product_button_gradient_hover":"linear-gradient(135deg, rgba(11, 40, 58, 1), rgba(58, 175, 169, 1) 35%, rgba(120, 191, 160, 1) 58%, rgba(120, 191, 160, 1) 64%, rgba(58, 175, 169, 1) 76%, rgba(11, 40, 58, 1) 100%)","color_btn_addtocart":"background-2","product_badge_new":"#0d9d00","on_product_badge_sale":"#ffffff","product_badge_sale":"#d40909","color1":"Green black","img_color1":"shopify:\/\/shop_images\/green-black.jpg","color2":"Red black","img_color2":"shopify:\/\/shop_images\/red-black.jpg","color3":"","img_color3":"","color4":"","img_color4":"","color5":"","img_color5":"","color6":"","img_color6":"","color7":"","img_color7":"","color8":"","img_color8":"","color9":"","img_color9":"","free_shipping":50,"terms_conditions_enable":false,"terms_conditions":"<p>I agree with the <a href=\"\/pages\/term-and-services\" title=\"Term and Services\">Terms & conditions<\/a><\/p>","cart_status_addtocart":"show_popup","cart_note":false,"discount_code":false,"shipping_calculator":false,"cart_empty_btn_type":"btn-secondary","cart_empty_btn_size":"btn-large","collec_1_name":"Liquids","collec_1":"shopify:\/\/collections\/fertigliquids","collec_2_name":"E-Zigaretten","collec_2":"shopify:\/\/collections\/klassische-e-zigaretten","collec_3_name":"Geschmacksrichtungen","collec_3":"shopify:\/\/pages\/geschmacksrichtungen","collec_4_name":"Zubehör","collec_4":"shopify:\/\/collections\/zubehor","i_flash":"shopify:\/\/shop_images\/i-1_6623c5d1-6cec-464a-b454-3d73802bfc05.png","gradient_deal":"linear-gradient(90deg, rgba(255, 196, 18, 1), rgba(255, 3, 0, 1) 100%)","show_day":true,"restart":true,"qv_available":false,"qv_tags":false,"qv_vendor":false,"qv_swatch_enable":true,"mobile_social":false,"color_social":"scheme-7dbefc98-3883-4d4e-937c-abd51fb30fa2","email":"","hotline":"","favicon":"shopify:\/\/shop_images\/Meine_Dampfwelt_Favicon.png","link_page_wishlist":"shopify:\/\/pages\/page-wishlist","show_popup_wishlist":false,"enable_loadpage":false,"icon_loadpage":"shopify:\/\/shop_images\/giphy.webp","bg_loadpage":"#ffffff","show_verification_popup":false,"logo_verification":"shopify:\/\/shop_images\/Logo_black.png","max_width_logo":150,"show_fake_order":false,"show_fake_order_inner_page":true,"fake_order_next_time":6,"product_list_fake_order":["arctic-blue-essence","arctic-steel-tank","crystal-glass-vault","glass-shield-tube","inferno-max-pod","lavender-chill-blast","lime-burst-energy","golden-citrus-fusion"],"fake_order_time":"10 minutes | 20 minutes | 15 minutes | 1 hour | 2 hour | 30 minutes | 45 minutes","fake_order_location":"Berlin, German | New York, USA | London, England | Paris, France","fake_order_name":"Luna | Dutton | Liam | Wiliam | Henry","header_canvas_image_width":115,"header_canvas_menu":"customer-care","header_canvas_color_title":"#444444","background_overlay":"#ffffff","background_overlay_opacity":0,"background_overlay_blur":20,"slider_dot_color":"#ededed","slider_dot_color_act":"#abca20","slider_arrow_color":"#1c1c1c","slider_arrow_bg":"#ffffff","slider_arrow_border":"#ffffff","slider_arrow_bg_act":"#abca20","slider_arrow_border_act":"#abca20","show_top_gradient":true,"top_gradient_color":"linear-gradient(90deg, rgba(162, 199, 84, 1), rgba(199, 84, 84, 1) 30%, rgba(148, 84, 199, 1) 70%, rgba(84, 178, 199, 1) 100%)","top_gradient_time":15,"index_btn_gradient_color_hover":"linear-gradient(54deg, rgba(210, 83, 255, 1) 14%, rgba(255, 77, 169, 1) 85%)","cookiegdpr":true,"color_gdpr":"background-2","product_background_hover":"#fabe17","type_special_family":"playball_n4","btn_arrow_bg":"#84d814","supported_currencies":"USD, ($) US Dollars | EUR, (€) Euro | GBP, (£) British Pounds","cart_type":"cart","boxed":false,"imgstiky1_homepage_link":"#","imgstiky2_homepage_link":"#","input_thickness":1,"input_height":50,"input_corner":50,"type_base_size":14,"heading_section_size":46,"heading_section_weight":"400","subheading_section_size":20,"sub_heading_section_weight":"400","br_pi":0,"show_bg_pi":true,"b_pro_color":"#fe4848","bg_product_item":"#c1aaaa","color_product_name":"#202020","color_price":"#202020","color_reduced_price":"#778082","color_badge_new":"#ffffff","color_badge_sale":"#ffffff","b_pro":true,"show_bg_product":true,"show_new":true,"show_compare_price":true,"color_product_item":"rgba(0,0,0,0)","color_product_icon":"#727272","bg_pi":"#ffffff","theme_color_default":"#3b82f6","theme_color_primary":"#0060ff","color_body":"rgba(0,0,0,0)","heading_text":"#25272c","color_body_text":"#6b7280","color_link":"#25272c","color_link_hover":"#3b82f6","color_menu":"#25272c","color_menu_ac":"#3b82f6","color_menu_sticky":"#25272c","color_menu_sticky_ac":"#3b82f6","color_sub_menu":"#666666","color_title_megamenu":"#222222","color_button_text":"#ffffff","color_button_text_hover":"#ffffff","color_button":"#3b82f6","color_button_hover":"#0060ff","color_borders":"#e7e8eb","bg_br_df":"#efefef","c_br_h_df":"#0d2235","c_br_t_df":"#505157","spacing_br_t":23,"spacing_br_b":23,"c_br_collec":"#222222","bg_br_collec":"","spacing_t_collec":147,"spacing_b_collec":147,"spacing_t_inner":85,"spacing_b_inner":90,"search_limit":5,"desc_verification":"<p>The products available on VaporShop are age-restricted and intended for adults of legal smoking age only. By entering our website, you affirm that you are of legal smoking age in your jurisdiction and you agree to be Age Verified.<\/p><p><strong>We will not ship to any individual under the age of 21.<\/strong><\/p>","second_heading_text":"#222222","sub_heading_text":"#acacac","color_borders_second":"#d0d3d7","mini_cart_type":"canvas","c_br_df":"#0d2235","background_color":"#ffffff","background_image":"shopify:\/\/shop_images\/breadcrumb.jpg","color_text_head":"#0d2235","color_breacrumb_collection":"#ffffff","distance_top":147,"distance_bottom":147,"background_image_product_detail":"shopify:\/\/shop_images\/breacrumb-detail_82edd3aa-ceab-4206-ad41-53878e220c7d.jpg","image_overlay_opacity":0,"title_alignment":"justify-content-center","cd_tt":"END IN :","countdown_timeend":"2023\/09\/07","title_currency":"Currency","account_type":"dropdown","img_canvas_account":"shopify:\/\/shop_images\/logo_59f8cb84-ca55-4990-a5a3-47229ec1ea5f.png","img_canvas_account_link":"#","sections":{"blog-template":{"type":"blog-template","settings":{"layout":"grid","blog_show_author":true,"blog_show_date":true,"blog_show_comment":true,"page_show_list":3,"page_show_column":3,"page_show_grid":3}},"list-collections-template":{"type":"list-collections-template","settings":{"display_type":"all","sort":"alphabetical","grid":"4"}},"article-template":{"type":"article-template","settings":{"blog_show_image_feature":true,"blog_show_author":false,"blog_show_date":true,"show_share_buttons":true}},"cart-template":{"type":"cart-template","settings":{"cart_notes_enable":true}},"nov-product-template":{"type":"nov-product-template","settings":{"show_quantity_selector":true,"product_swatch_enable":true,"show_share":true,"show_vendor":false,"show_sku":true,"show_categories":true,"show_tags":true,"show_available":true,"show_des":true,"enable_zoom":true,"show_related":true,"show_description":true,"show_payments":true,"title_payments":"Guaranteed safe checkout:","payments":"shopify:\/\/shop_images\/payment.png","time":"Orders ship within 5 to 10 business days.","size_time":"12px","color_time":"#494949","truck":"Hoorey ! This item ships free to the US","size_truck":"12px","color_truck":"#494949","background_color":""}},"nov-page-contact":{"type":"nov-page-contact","settings":{"iframe_map":"https:\/\/www.google.com\/maps\/embed?pb=!1m18!1m12!1m3!1d4082.7742465747338!2d-79.38287617561478!3d43.64905556573276!2m3!1f0!2f0!3f0!3m2!1i1024!2i768!4f13.1!3m3!1m2!1s0x882b34d2a57d767f%3A0x935ab2eb9fd5fb31!2sFirst%20Canadian%20Place!5e0!3m2!1svi!2s!4v1591603052999!5m2!1svi!2s","social":false}},"nov-page-faqs":{"type":"nov-page-faqs","blocks":{"3526ffb7-415c-4d22-ae57-ade26348009e":{"type":"faq","settings":{"item_title":"Sed est elit posuere ac semper at hendrerit a neque?","item_content":"Lorem ipsum dolor sit amet, consectetur adipiscing elit. Sed ac pretium metus. Curabitur velit sem, egestas sit amet dolor nec, tristique vulputate enim. Etiam a lorem libero. In egestas ultricies convallis. Sed iaculis arcu id justo dapibus pharetra. Maecenas et aliquam eros, sit amet volutpat nisi. Duis feugiat mattis maximus. Nulla sollicitudin lorem vitae neque ultricies efficitur. Sed pulvinar tellus enim, non tincidunt nisl imperdiet quis. Maecenas maximus lorem eu justo tincidunt mollis"}},"350dd52a-5a67-4cdd-8b96-2c19bd158761":{"type":"faq","settings":{"item_title":"Why Lorem ipsum dolor sit amet ?","item_content":"Lorem ipsum dolor sit amet, consectetur adipiscing elit. Sed ac pretium metus. Curabitur velit sem, egestas sit amet dolor nec, tristique vulputate enim. Etiam a lorem libero. In egestas ultricies convallis. Sed iaculis arcu id justo dapibus pharetra. Maecenas et aliquam eros, sit amet volutpat nisi. Duis feugiat mattis maximus. Nulla sollicitudin lorem vitae neque ultricies efficitur. Sed pulvinar tellus enim, non tincidunt nisl imperdiet quis. Maecenas maximus lorem eu justo tincidunt mollis"}},"ad824580-169d-4232-aac5-72de44b65a2f":{"type":"faq","settings":{"item_title":"What maecenas commodo mi urna, quis accumsan ligula gravida at ?","item_content":"Lorem ipsum dolor sit amet, consectetur adipiscing elit. Sed ac pretium metus. Curabitur velit sem, egestas sit amet dolor nec, tristique vulputate enim. Etiam a lorem libero. In egestas ultricies convallis. Sed iaculis arcu id justo dapibus pharetra. Maecenas et aliquam eros, sit amet volutpat nisi. Duis feugiat mattis maximus. Nulla sollicitudin lorem vitae neque ultricies efficitur. Sed pulvinar tellus enim, non tincidunt nisl imperdiet quis. Maecenas maximus lorem eu justo tincidunt mollis"}},"ecb276ad-04cc-4c9c-832e-892642fced38":{"type":"faq","settings":{"item_title":"Integer venenatis suscipit urna id imperdiet. In et mi quis sapien tristique sodales sit amet nec justo ?","item_content":"Lorem ipsum dolor sit amet, consectetur adipiscing elit. Sed ac pretium metus. Curabitur velit sem, egestas sit amet dolor nec, tristique vulputate enim. Etiam a lorem libero. In egestas ultricies convallis. Sed iaculis arcu id justo dapibus pharetra. Maecenas et aliquam eros, sit amet volutpat nisi. Duis feugiat mattis maximus. Nulla sollicitudin lorem vitae neque ultricies efficitur. Sed pulvinar tellus enim, non tincidunt nisl imperdiet quis. Maecenas maximus lorem eu justo tincidunt mollis"}},"5710c37c-6a79-481c-9fc4-1cbb239a99c5":{"type":"faq","settings":{"item_title":"Donec lobortis dolor a arcu auctor tincidunt ac fermentum enim ?","item_content":"Lorem ipsum dolor sit amet, consectetur adipiscing elit. Sed ac pretium metus. Curabitur velit sem, egestas sit amet dolor nec, tristique vulputate enim. Etiam a lorem libero. In egestas ultricies convallis. Sed iaculis arcu id justo dapibus pharetra. Maecenas et aliquam eros, sit amet volutpat nisi. Duis feugiat mattis maximus. Nulla sollicitudin lorem vitae neque ultricies efficitur. Sed pulvinar tellus enim, non tincidunt nisl imperdiet quis. Maecenas maximus lorem eu justo tincidunt mollis"}},"c5f181a0-f9ad-4de1-82f0-825dc7286149":{"type":"faq","settings":{"item_title":"Maecenas vitae placerat metus ?","item_content":"Lorem ipsum dolor sit amet, consectetur adipiscing elit. Sed ac pretium metus. Curabitur velit sem, egestas sit amet dolor nec, tristique vulputate enim. Etiam a lorem libero. In egestas ultricies convallis. Sed iaculis arcu id justo dapibus pharetra. Maecenas et aliquam eros, sit amet volutpat nisi. Duis feugiat mattis maximus. Nulla sollicitudin lorem vitae neque ultricies efficitur. Sed pulvinar tellus enim, non tincidunt nisl imperdiet quis. Maecenas maximus lorem eu justo tincidunt mollis"}},"122f9f41-3f4a-4b9f-9aef-3a61fb4866be":{"type":"faq","settings":{"item_title":"Vestibulum nulla velit, tincidunt id neque sed ?","item_content":"Volutpat nisi. Duis feugiat mattis maximus. Nulla sollicitudin lorem vitae neque ultricies efficitur. Sed pulvinar tellus enim, non tincidunt nisl imperdiet quis. Maecenas maximus lorem eu justo tincidunt mollis"}},"5b3a4407-bae8-412d-a1fc-397ddedd7faa":{"type":"faq","settings":{"item_title":"Sed est elit posuere ac semper at hendrerit a neque?","item_content":"Lorem ipsum dolor sit amet, consectetur adipiscing elit. Sed ac pretium metus. Curabitur velit sem, egestas sit amet dolor nec, tristique vulputate enim. Etiam a lorem libero. In egestas ultricies convallis. Sed iaculis arcu id justo dapibus pharetra. Maecenas et aliquam eros, sit amet volutpat nisi. Duis feugiat mattis maximus. Nulla sollicitudin lorem vitae neque ultricies efficitur. Sed pulvinar tellus enim, non tincidunt nisl imperdiet quis. Maecenas maximus lorem eu justo tincidunt mollis"}}},"block_order":["3526ffb7-415c-4d22-ae57-ade26348009e","350dd52a-5a67-4cdd-8b96-2c19bd158761","ad824580-169d-4232-aac5-72de44b65a2f","ecb276ad-04cc-4c9c-832e-892642fced38","5710c37c-6a79-481c-9fc4-1cbb239a99c5","c5f181a0-f9ad-4de1-82f0-825dc7286149","122f9f41-3f4a-4b9f-9aef-3a61fb4866be","5b3a4407-bae8-412d-a1fc-397ddedd7faa"],"settings":{"title":"Frequently asked question"}},"nov-promotion-bar":{"type":"nov-promotion-bar","blocks":{"e92bbce0-186a-4a59-b273-525816f19d8f":{"type":"text","settings":{"icon":"","t":"New Offers on the COVID-19. This Weekend only to Get 50% Flate"}}},"block_order":["e92bbce0-186a-4a59-b273-525816f19d8f"],"settings":{"type":"slider","time":10,"auto":false,"timeauto":3,"show_nav":false,"c_nav":"","t_s":13,"t_s_md":13,"t_c":"#ffffff","t_fw":"font-400","t_tt":"none","t_lh":"1.5","t_lt":"0","cd_c":"#ffffff","cd_bg":"#222222","icon_c":"#222222","dot_c":"#222222","show_close":false,"close_c":"","bd_b":false,"bd_bc":"#e3e0d3","container":"container","background_color":"#0a5d5d","bg_opacity":100,"distance_top":15,"distance_bottom":15}},"nov-gift-template":{"type":"nov-gift-template","settings":{"w_logo":150}}},"content_for_index":[],"blocks":{"12526071353035850722":{"type":"shopify:\/\/apps\/amp-back-in-stock\/blocks\/app-embed\/bfa6a8c4-24e2-411a-9396-e35031b33f34","disabled":false,"settings":{}},"13897900069594145190":{"type":"shopify:\/\/apps\/accessibility-assistant\/blocks\/app-embed\/e146c6fb-5384-4cc3-946f-03621d06f241","disabled":false,"settings":{}},"14710238943034738919":{"type":"shopify:\/\/apps\/air-product-reviews\/blocks\/app-embed\/c4e1e9ca-4d46-4e76-bc39-7e42417cb327","disabled":false,"settings":{"air_reviews_json_ld_v2":"{\n\"@context\": \"http:\/\/schema.org\",\n\"@type\": \"Product\",\n\"name\": {{ product.title | json }},\n\"description\": {{ product.description | escape | truncate: 150 | json }},\n\"image\": {{ product.featured_image | json }},\n\"aggregateRating\": {\n  \"@type\": \"AggregateRating\",\n  \"ratingValue\": {{ product.metafields.reviews.rating.value.rating | default: product.metafields.air_reviews_product.review_avg | json }},\n  \"bestRating\": {{ product.metafields.reviews.rating.value.scale_max | json }},\n  \"reviewCount\": {{ product.metafields.air_reviews_product.review_count | json }}\n }{% if shop.metafields.air_reviews_has_ugc_content.data.value == true %}, \n  \"review\":[{% assign reviewsData = product.metafields.air_reviews_product.data.value.reviews %}\n  {% for review in reviewsData limit: 10 %}\n    {\n      \"@type\": \"Review\",\n      \"author\": {\n        \"@type\": \"Person\",\n        \"name\": {{ review.firstName | json }}\n      },\n      \"reviewRating\": {\n          \"@type\": \"Rating\",\n          \"bestRating\": {{ product.metafields.reviews.rating.value.scale_max | json }},\n          \"ratingValue\": {{ review.rate | json }},\n          \"worstRating\": {{ product.metafields.reviews.rating.value.scale_min | json }}\n      },\n      \"reviewBody\": {{ review.content | json }},\n      \"datePublished\": {{ review.createdAt | date: \"%Y-%m-%d %H:%M:%S\" | json }}\n    }{% unless forloop.last %},{% endunless %} \n  {% endfor %}]{% endif %}\n}"}},"11158767069727357380":{"type":"shopify:\/\/apps\/uptain-conversion-optimization\/blocks\/App-Embed\/914d1000-03ac-4d82-a914-352d8949cffa","disabled":false,"settings":{}},"15683396631634586217":{"type":"shopify:\/\/apps\/inbox\/blocks\/chat\/841fc607-4181-4ad1-842d-e24d7f8bad6b","disabled":false,"settings":{"button_color":"#abca20","secondary_color":"#ffffff","ternary_color":"#222222","button_icon":"chat_bubble","button_text":"chat_with_us","button_horizontal_position":"bottom_right","button_vertical_position":"higher","greeting_message":"👋 Hi, wenn du Fragen hast, lass es uns gerne wissen. Wir sind gerne für dich da!"}}},"color_schemes":{"background-1":{"settings":{"background":"#ffffff","background_gradient":"","title":"#1c1c1c","sub_title":"#535353","text":"#434343","primary_button":"#1c1c1c","on_primary_button":"#ffffff","primary_button_border":"#1c1c1c","primary_button_hover":"#abca20","on_primary_button_hover":"#ffffff","primary_button_border_hover":"#abca20","secondary_button":"#ededed","on_secondary_button":"#1c1c1c","secondary_button_border":"#ededed","secondary_button_hover":"#abca20","on_secondary_button_hover":"#ffffff","secondary_button_border_hover":"#abca20","links_hover":"#abca20","icons":"#1c1c1c","links":"#1c1c1c","border":"#e5e5e5","shadow":"#000000"}},"background-2":{"settings":{"background":"#17171a","background_gradient":"","title":"#ffffff","sub_title":"#8c8c8c","text":"#ffffff","primary_button":"#abca20","on_primary_button":"#ffffff","primary_button_border":"#ffffff","primary_button_hover":"#abca20","on_primary_button_hover":"#ffffff","primary_button_border_hover":"#abca20","secondary_button":"#ffffff","on_secondary_button":"#1c1c1c","secondary_button_border":"#ffffff","secondary_button_hover":"#abca20","on_secondary_button_hover":"#ffffff","secondary_button_border_hover":"#abca20","links_hover":"#abca20","icons":"#ffffff","links":"#ffffff","border":"#ffffff","shadow":"#ffffff"}},"scheme-b49eb042-1b96-4650-91c9-2f486801d4e8":{"settings":{"background":"rgba(0,0,0,0)","background_gradient":"","title":"#ffffff","sub_title":"#ffffff","text":"#ffffff","primary_button":"#abca20","on_primary_button":"#ffffff","primary_button_border":"#abca20","primary_button_hover":"#ffffff","on_primary_button_hover":"#abca20","primary_button_border_hover":"#ffffff","secondary_button":"#ededed","on_secondary_button":"#1c1c1c","secondary_button_border":"#ededed","secondary_button_hover":"#abca20","on_secondary_button_hover":"#ffffff","secondary_button_border_hover":"#abca20","links_hover":"#abca20","icons":"#ffffff","links":"#ffffff","border":"#e5e5e5","shadow":"#ffffff"}},"scheme-4b576570-e51b-4968-8410-31b19bc1c354":{"settings":{"background":"#17171a","background_gradient":"","title":"#ffffff","sub_title":"#ffffff","text":"#ffffff","primary_button":"#abca20","on_primary_button":"#ffffff","primary_button_border":"#abca20","primary_button_hover":"#ffffff","on_primary_button_hover":"#abca20","primary_button_border_hover":"#ffffff","secondary_button":"#ededed","on_secondary_button":"#1c1c1c","secondary_button_border":"#ededed","secondary_button_hover":"#abca20","on_secondary_button_hover":"#ffffff","secondary_button_border_hover":"#abca20","links_hover":"#abca20","icons":"#1c1c1c","links":"#1c1c1c","border":"#e5e5e5","shadow":"#000000"}},"scheme-cc842d45-3a7c-4aac-a91f-d44047336f47":{"settings":{"background":"#0e283b","background_gradient":"","title":"#abca20","sub_title":"#8c8c8c","text":"#ffffff","primary_button":"#0e283b","on_primary_button":"#abca20","primary_button_border":"#ffffff","primary_button_hover":"#abca20","on_primary_button_hover":"#ffffff","primary_button_border_hover":"#abca20","secondary_button":"#ffffff","on_secondary_button":"#1c1c1c","secondary_button_border":"#ffffff","secondary_button_hover":"#abca20","on_secondary_button_hover":"#ffffff","secondary_button_border_hover":"#abca20","links_hover":"#abca20","icons":"#ffffff","links":"#ffffff","border":"#ffffff","shadow":"#ffffff"}}}},"platform_customizations":{"custom_css":[".template-page {background-color: #17171a;}"]}}