{"name":"Footer 1","type":"footer","sections":{"footer":{"type":"nov-footer-1","blocks":{"block_html_hDgM4R":{"type":"block_html","settings":{"block_title":"","h_t":true,"img_width":0,"img_spacing":30,"show_payment":false,"html_content":"","show_social":false,"block_class":"mb-xl-501","grid_xxl":"col-xxl-1","grid_xl":"col-xl-4","grid_lg":"col-lg-1","grid_md":"col-md-1","grid_sm":"col-sm-12"}},"block_menu_3yCeE3":{"type":"block_menu","settings":{"block_title":"Service & Hilfe","h_t":false,"menu_handle":"footer","block_class":"mb-xl-50","grid_xxl":"col-xxl-3","grid_xl":"col-xl-4","grid_lg":"col-lg-4","grid_md":"col-md-6","grid_sm":"col-sm-6"}},"block_menu_H8QtWA":{"type":"block_menu","settings":{"block_title":"Meine Dampfwelt","h_t":false,"menu_handle":"meine-dampfwelt","block_class":"mb-xl-50","grid_xxl":"col-xxl-3","grid_xl":"col-xl-4","grid_lg":"col-lg-4","grid_md":"col-md-6","grid_sm":"col-sm-6"}},"block_menu_DDPbqr":{"type":"block_menu","disabled":true,"settings":{"block_title":"Rechtliches","h_t":false,"menu_handle":"rechtliches","block_class":"","grid_xxl":"col-xxl-3","grid_xl":"col-xl-4","grid_lg":"col-lg-4","grid_md":"col-md-6","grid_sm":"col-sm-6"}},"block_newsletter_nJGqQK":{"type":"block_newsletter","settings":{"block_title":"<p>Newsletter<\/p>","desc":"","h_t":false,"show_social":false,"show_payment":true,"payment":"shopify:\/\/shop_images\/LogomitSchrift-weisgruen-reingezeichnet-dunkler-BG_aa810221-8d4e-42e5-8ba3-003ac0d6e3aa.png","payment_mw":215,"input_color":"#ffffff","input_bg":"#2a272e","btn_type":"btn-primary","block_class":"","grid_xxl":"col-xxl-3","grid_xl":"col-xl-5","grid_lg":"col-lg-5","grid_md":"col-md-12","grid_sm":"col-sm-12"}}},"block_order":["block_html_hDgM4R","block_menu_3yCeE3","block_menu_H8QtWA","block_menu_DDPbqr","block_newsletter_nJGqQK"],"custom_css":["@media (max-width: 767.98px) {.mb-xl-501 {display: none; }}",".footer-layout {background-color: #17171a;}"],"settings":{"animate":true,"border_top":false,"container":"container-fluid","color_section":"scheme-cc842d45-3a7c-4aac-a91f-d44047336f47","background_color":"#17171a","background_image_size":"auto","bg_size":"full","btn_type":"btn-primary","show_footer_copyright":true,"color_copyright":"scheme-4b576570-e51b-4968-8410-31b19bc1c354","show_copyright_border_top":true,"copyright_border_top_opa":25,"copyright":"© 2025 Meine Dampfwelt – Alle Rechte vorbehalten.","logo_mw":180,"show_payment":false,"payment_mw":200,"show_copyright_social":false,"show_footer_menu":true,"footer_menu_handle":"rechtliches","mobile_acc":false}}},"order":["footer"]}