{
  "name": "Header 3",
  "type": "header",
  "sections": {
    "nov_promotion_bar_4PbxdL": {
      "type": "nov-promotion-bar",
      "blocks": {
        "text_PqfJy9": {
          "type": "text",
          "settings": {
            "icon": "",
            "t": "Free shipping in orders over $50"
          }
        },
        "text_Nx8pHU": {
          "type": "text",
          "settings": {
            "icon": "zmdi zmdi-flash",
            "t": "This Weekend only to Get 50% Flate"
          }
        },
        "text_QF3p3b": {
          "type": "text",
          "settings": {
            "icon": "",
            "t": "Free returns for the first 30 days"
          }
        }
      },
      "block_order": [
        "text_PqfJy9",
        "text_Nx8pHU",
        "text_QF3p3b"
      ],
      "settings": {
        "type": "slider",
        "time": 10,
        "auto": true,
        "timeauto": 5,
        "show_nav": false,
        "c_nav": "#ffffff",
        "t_s": 14,
        "t_s_md": 12,
        "t_c": "#ffffff",
        "t_fw": "font-400",
        "t_tt": "none",
        "t_lh": "1.2",
        "t_lt": "0",
        "cd_c": "#ffffff",
        "cd_bg": "#222222",
        "icon_c": "#ffffff",
        "dot_c": "#222222",
        "show_social": true,
        "social_color": "#ffffff",
        "social_color_hover": "#ffa500",
        "multi_color": "#ffffff",
        "multi_color_hover": "#ffa500",
        "show_close": false,
        "close_c": "",
        "bd_b": false,
        "bd_bc": "",
        "container": "container-fluid",
        "background_color": "#1c1c1c",
        "bg_opacity": 100,
        "distance_top": 20,
        "distance_bottom": 20
      }
    },
    "header": {
      "type": "nov-header-1",
      "blocks": {
        "8636628f-f6bb-4897-b492-38e4ba08d959": {
          "type": "text",
          "settings": {
            "title": "Collections",
            "desc": "",
            "novmenu_menu_enable": true,
            "show_title": true,
            "novmenu_xl": "col-xl-8",
            "novmenu_lg": "col-lg-3",
            "submenu_xl": "col-xl-4",
            "submenu_lg": "col-lg-3",
            "banner_br": 5,
            "novmenu_banner_enable1": false,
            "banner_xl_1": "col-xl-4",
            "banner_lg_1": "col-lg-4",
            "image_size1": "255x300",
            "novmenu_banner_link1": "",
            "class_bn1": "",
            "novmenu_banner_enable2": false,
            "banner_xl_2": "col-xl-4",
            "banner_lg_2": "col-lg-4",
            "image_size2": "255x300",
            "novmenu_banner_link2": "",
            "class_bn2": "",
            "novmenu_banner_enable3": false,
            "banner_xl_3": "col-xl-4",
            "banner_lg_3": "col-lg-4",
            "image_size3": "255x300",
            "novmenu_banner_link3": "",
            "class_bn3": "",
            "collection_enable": true,
            "collection_xl": "col-xl-3",
            "collection_lg": "col-lg-3",
            "name_collec_1": "Best Sellers",
            "link_1": "",
            "name_collec_2": "New Arrival",
            "link_2": "",
            "name_collec_3": "Top Trending",
            "link_3": "",
            "name_collec_4": "Top Trending",
            "link_4": "",
            "name_collec_5": "Denim Collection",
            "link_5": "",
            "product_enable": false,
            "product_xl": "col-xl-4",
            "product_lg": "col-lg-4",
            "title_product": "Featured Product",
            "product_1": "",
            "product_2": "",
            "product_3": "",
            "autoplay": true
          }
        },
        "f5a5ac2b-38b6-4567-8a55-ca3cb5239f61": {
          "type": "text",
          "settings": {
            "title": "Products",
            "desc": "",
            "novmenu_menu_enable": true,
            "show_title": true,
            "novmenu_xl": "col-xl-9",
            "novmenu_lg": "col-lg-3",
            "submenu_xl": "col-xl-4",
            "submenu_lg": "col-lg-3",
            "banner_br": 5,
            "novmenu_banner_enable1": false,
            "banner_xl_1": "col-xl-4",
            "banner_lg_1": "col-lg-4",
            "image_size1": "255x300",
            "novmenu_banner_link1": "",
            "class_bn1": "",
            "novmenu_banner_enable2": false,
            "banner_xl_2": "col-xl-4",
            "banner_lg_2": "col-lg-4",
            "image_size2": "255x300",
            "novmenu_banner_link2": "",
            "class_bn2": "",
            "novmenu_banner_enable3": false,
            "banner_xl_3": "col-xl-4",
            "banner_lg_3": "col-lg-4",
            "image_size3": "255x300",
            "novmenu_banner_link3": "",
            "class_bn3": "",
            "collection_enable": false,
            "collection_xl": "col-xl-3",
            "collection_lg": "col-lg-3",
            "name_collec_1": "Best Sellers",
            "link_1": "",
            "name_collec_2": "New Arrival",
            "link_2": "",
            "name_collec_3": "Top Trending",
            "link_3": "",
            "name_collec_4": "Top Trending",
            "link_4": "",
            "name_collec_5": "Denim Collection",
            "link_5": "",
            "product_enable": true,
            "product_xl": "col-xl-2",
            "product_lg": "col-lg-4",
            "title_product": "Featured Product",
            "product_1": "onyx-predator",
            "product_2": "pulsar-phantom",
            "product_3": "viperasing-x-pro",
            "autoplay": false
          }
        }
      },
      "block_order": [
        "8636628f-f6bb-4897-b492-38e4ba08d959",
        "f5a5ac2b-38b6-4567-8a55-ca3cb5239f61"
      ],
      "settings": {
        "logo": "shopify:\/\/shop_images\/Logo_black.png",
        "w_logo": 150,
        "w_logo_lg": 120,
        "w_logo_md": 120,
        "logo_mobile": "shopify:\/\/shop_images\/Logo_black.png",
        "wm_logo": 120,
        "container": "container-fluid",
        "color_header": "background-1",
        "color_header_inner": "background-1",
        "border_opacity": 15,
        "enable_custom_gradient": true,
        "count_color_label": "#ffffff",
        "count_bg": "linear-gradient(180deg, rgba(255, 165, 0, 1), rgba(255, 107, 107, 1) 100%)",
        "color_header_sm": "background-1",
        "color_header_sticky": "background-1",
        "bg_gradient_animate": true,
        "gradient_time": 20,
        "stickymenu": true,
        "stickymenu_sm": true,
        "account_icon": "rbb-icon-human-user-7",
        "account_svg": true,
        "wishlist": "rbb-icon-wishlist-10",
        "wishlist_svg": true,
        "cart_type": "basket",
        "cart": "6",
        "cart_svg": true,
        "novmenu_enable": true,
        "show_icons": true,
        "main_linklist": "main-menu",
        "color_menu": "background-1"
      }
    }
  },
  "order": [
    "nov_promotion_bar_4PbxdL",
    "header"
  ]
}
