{"name":"Header 1","type":"header","sections":{"nov_promotion_bar_4PbxdL":{"type":"nov-promotion-bar","blocks":{"text_PqfJy9":{"type":"text","settings":{"icon":"","t":"Neues Design - gewohnter Service | Meine Dampfwelt Team"}}},"block_order":["text_PqfJy9"],"settings":{"type":"slider","time":10,"auto":false,"timeauto":3,"show_nav":false,"c_nav":"","t_s":14,"t_s_md":12,"t_c":"#ffffff","t_fw":"font-400","t_tt":"none","t_lh":"1.2","t_lt":"0","cd_c":"#ffffff","cd_bg":"#222222","icon_c":"#222222","dot_c":"#222222","show_social":true,"social_color":"#ffffff","social_color_hover":"#589cf7","multi_color":"#ffffff","multi_color_hover":"#589cf7","show_close":false,"close_c":"","bd_b":false,"bd_bc":"","container":"container-fluid","background_color":"#1c1c1c","bg_opacity":100,"distance_top":20,"distance_bottom":20}},"header":{"type":"nov-header-1","blocks":{"8636628f-f6bb-4897-b492-38e4ba08d959":{"type":"text","settings":{"title":"E-Zigaretten","desc":"","novmenu_menu_enable":true,"show_title":true,"novmenu_xl":"col-xl-12","novmenu_lg":"col-lg-12","submenu_xl":"col-xl-2","submenu_lg":"col-lg-2","banner_br":5,"novmenu_banner_enable1":false,"banner_xl_1":"col-xl-4","banner_lg_1":"col-lg-4","image_size1":"255x300","novmenu_banner_link1":"","class_bn1":"","novmenu_banner_enable2":false,"banner_xl_2":"col-xl-4","banner_lg_2":"col-lg-4","image_size2":"255x300","novmenu_banner_link2":"","class_bn2":"","novmenu_banner_enable3":false,"banner_xl_3":"col-xl-4","banner_lg_3":"col-lg-4","image_size3":"255x300","novmenu_banner_link3":"","class_bn3":"","collection_enable":false,"collection_xl":"col-xl-2","collection_lg":"col-lg-2","name_collec_1":"Bestseller","link_1":"shopify:\/\/collections\/bestseller","name_collec_2":"Neuheiten","link_2":"shopify:\/\/collections\/neuheiten","name_collec_3":"Top Bewertet","link_3":"shopify:\/\/pages\/faq","name_collec_4":"","link_4":"","name_collec_5":"","link_5":"","product_enable":false,"product_xl":"col-xl-4","product_lg":"col-lg-4","title_product":"Featured Product","product_1":"","product_2":"","product_3":"","autoplay":true}},"text_zFdWQA":{"type":"text","disabled":true,"settings":{"title":"Vapes","desc":"","novmenu_menu_enable":true,"show_title":true,"novmenu_xl":"col-xl-12","novmenu_lg":"col-lg-12","submenu_xl":"col-xl-3","submenu_lg":"col-lg-3","banner_br":5,"novmenu_banner_enable1":false,"banner_xl_1":"col-xl-1","banner_lg_1":"col-lg-1","image_size1":"255x300","novmenu_banner1":"shopify:\/\/shop_images\/ChatGPT_Image_1._Okt._2025_19_38_21.png","novmenu_banner_link1":"","class_bn1":"","novmenu_banner_enable2":false,"banner_xl_2":"col-xl-4","banner_lg_2":"col-lg-4","image_size2":"255x300","novmenu_banner_link2":"","class_bn2":"","novmenu_banner_enable3":false,"banner_xl_3":"col-xl-4","banner_lg_3":"col-lg-4","image_size3":"255x300","novmenu_banner_link3":"","class_bn3":"","collection_enable":false,"collection_xl":"col-xl-3","collection_lg":"col-lg-3","name_collec_1":"Best Sellers","link_1":"","name_collec_2":"New Arrival","link_2":"","name_collec_3":"Top Trending","link_3":"","name_collec_4":"Top Trending","link_4":"","name_collec_5":"Denim Collection","link_5":"","product_enable":false,"product_xl":"col-xl-2","product_lg":"col-lg-4","title_product":"Top Produkt","product_1":"ebeweb20","product_2":"","product_3":"","autoplay":false}},"text_Pwabzm":{"type":"text","settings":{"title":"Liquids","desc":"","novmenu_menu_enable":true,"show_title":true,"novmenu_xl":"col-xl-9","novmenu_lg":"col-lg-3","submenu_xl":"col-xl-4","submenu_lg":"col-lg-4","banner_br":5,"novmenu_banner_enable1":false,"banner_xl_1":"col-xl-4","banner_lg_1":"col-lg-4","image_size1":"255x300","novmenu_banner_link1":"","class_bn1":"","novmenu_banner_enable2":false,"banner_xl_2":"col-xl-4","banner_lg_2":"col-lg-4","image_size2":"255x300","novmenu_banner_link2":"","class_bn2":"","novmenu_banner_enable3":false,"banner_xl_3":"col-xl-4","banner_lg_3":"col-lg-4","image_size3":"255x300","novmenu_banner_link3":"","class_bn3":"","collection_enable":false,"collection_xl":"col-xl-3","collection_lg":"col-lg-3","name_collec_1":"Best Sellers","link_1":"","name_collec_2":"New Arrival","link_2":"","name_collec_3":"Top Trending","link_3":"","name_collec_4":"Top Trending","link_4":"","name_collec_5":"Denim Collection","link_5":"","product_enable":true,"product_xl":"col-xl-2","product_lg":"col-lg-4","title_product":"Top Produkt","product_1":"sc-red-line-blueberry-nikotinsalz-liquid","product_2":"sc-aroma-10-ml-menthol","product_3":"sc-red-line-double-apple-nikotinsalz-liquid","autoplay":true}},"text_EKA48K":{"type":"text","disabled":true,"settings":{"title":"Mix-It!","desc":"","novmenu_menu_enable":true,"show_title":true,"novmenu_xl":"col-xl-12","novmenu_lg":"col-lg-12","submenu_xl":"col-xl-3","submenu_lg":"col-lg-3","banner_br":5,"novmenu_banner_enable1":false,"banner_xl_1":"col-xl-1","banner_lg_1":"col-lg-1","image_size1":"255x300","novmenu_banner1":"shopify:\/\/shop_images\/ChatGPT_Image_1._Okt._2025_19_38_21.png","novmenu_banner_link1":"","class_bn1":"","novmenu_banner_enable2":false,"banner_xl_2":"col-xl-4","banner_lg_2":"col-lg-4","image_size2":"255x300","novmenu_banner_link2":"","class_bn2":"","novmenu_banner_enable3":false,"banner_xl_3":"col-xl-4","banner_lg_3":"col-lg-4","image_size3":"255x300","novmenu_banner_link3":"","class_bn3":"","collection_enable":false,"collection_xl":"col-xl-3","collection_lg":"col-lg-3","name_collec_1":"Best Sellers","link_1":"","name_collec_2":"New Arrival","link_2":"","name_collec_3":"Top Trending","link_3":"","name_collec_4":"Top Trending","link_4":"","name_collec_5":"Denim Collection","link_5":"","product_enable":false,"product_xl":"col-xl-2","product_lg":"col-lg-4","title_product":"Top Produkt","product_1":"ebeweb20","product_2":"","product_3":"","autoplay":false}},"text_Qa4hTc":{"type":"text","settings":{"title":"Zubehör","desc":"","novmenu_menu_enable":true,"show_title":true,"novmenu_xl":"col-xl-9","novmenu_lg":"col-lg-9","submenu_xl":"col-xl-4","submenu_lg":"col-lg-4","banner_br":5,"novmenu_banner_enable1":true,"banner_xl_1":"col-xl-3","banner_lg_1":"col-lg-3","image_size1":"1300×728","novmenu_banner1":"shopify:\/\/shop_images\/B-Ware_Banner_3.webp","novmenu_banner_link1":"\/collections\/b-ware","class_bn1":"","novmenu_banner_enable2":false,"banner_xl_2":"col-xl-4","banner_lg_2":"col-lg-4","image_size2":"255x300","novmenu_banner_link2":"","class_bn2":"","novmenu_banner_enable3":false,"banner_xl_3":"col-xl-4","banner_lg_3":"col-lg-4","image_size3":"255x300","novmenu_banner_link3":"","class_bn3":"","collection_enable":false,"collection_xl":"col-xl-3","collection_lg":"col-lg-3","name_collec_1":"Best Sellers","link_1":"","name_collec_2":"New Arrival","link_2":"","name_collec_3":"Top Trending","link_3":"","name_collec_4":"Top Trending","link_4":"","name_collec_5":"Denim Collection","link_5":"","product_enable":false,"product_xl":"col-xl-1","product_lg":"col-lg-1","title_product":"Top Produkt","product_1":"ebeweb20","product_2":"","product_3":"","autoplay":false}}},"block_order":["8636628f-f6bb-4897-b492-38e4ba08d959","text_zFdWQA","text_Pwabzm","text_EKA48K","text_Qa4hTc"],"custom_css":[],"settings":{"logo":"shopify:\/\/shop_images\/Design_ohne_Titel.svg","w_logo":270,"w_logo_lg":270,"w_logo_md":270,"logo_mobile":"shopify:\/\/shop_images\/Design_ohne_Titel.svg","wm_logo":150,"container":"container-fluid","color_header":"scheme-b49eb042-1b96-4650-91c9-2f486801d4e8","color_header_inner":"background-2","border_opacity":15,"enable_custom_gradient":false,"count_color_label":"#ffffff","count_bg":"","color_header_sm":"background-2","color_header_sticky":"background-2","bg_gradient_animate":true,"gradient_time":20,"stickymenu":true,"stickymenu_sm":true,"show_top_gradient":true,"top_gradient_color":"linear-gradient(270deg, rgba(11, 40, 58, 1), rgba(58, 175, 169, 1) 33.33%, rgba(171, 202, 32, 1) 66.67%, rgba(123, 97, 255, 1) 100%)","top_gradient_animate":true,"top_gradient_time":25,"account_icon":"rbb-icon-human-user-7","account_svg":false,"wishlist":"rbb-icon-wishlist-10","wishlist_svg":false,"cart_type":"bag","cart":"5","cart_svg":false,"novmenu_enable":true,"show_icons":true,"main_linklist":"main-menu","color_menu":"background-1"}},"custom_liquid_FDTyLP":{"type":"custom-liquid","disabled":true,"name":"Custom Liquid Pro","settings":{"custom_liquid":"<section class=\"mdw-page flavors-page\">\n  <div class=\"mdw-container\">\n    <header class=\"mdw-hero\">\n      <h1>Geschmacksrichtungen<\/h1>\n      <p>Von klassischen Tabaknoten bis zu fruchtigen oder cremigen Liquids – finde deinen Lieblingsgeschmack für jedes Setup.<\/p>\n    <\/header>\n\n    <div class=\"mdw-flavor-grid\">\n      <article class=\"mdw-flavor-card\">\n        <img src=\"{{ 'flavor_tabak.jpg' | asset_url }}\" alt=\"Tabak\" class=\"mdw-flavor-img\">\n        <div class=\"mdw-flavor-body\">\n          <h2>Tabak<\/h2>\n          <p>Klassische Noten für Umsteiger – kräftig, erdig, authentisch.<\/p>\n          <div class=\"mdw-chips\">\n            <span>Virginia<\/span>\n            <span>Dark Blend<\/span>\n            <span>Zigarre<\/span>\n          <\/div>\n          <a href=\"\/collections\/tabak-liquids\" class=\"mdw-btn\">Alle Sorten entdecken<\/a>\n        <\/div>\n      <\/article>\n\n      <article class=\"mdw-flavor-card\">\n        <img src=\"{{ 'flavor_fruit.jpg' | asset_url }}\" alt=\"Frucht\" class=\"mdw-flavor-img\">\n        <div class=\"mdw-flavor-body\">\n          <h2>Frucht<\/h2>\n          <p>Frische Früchte von Beere bis Zitrus – leicht, süß und spritzig.<\/p>\n          <div class=\"mdw-chips\">\n            <span>Erdbeere<\/span>\n            <span>Mango<\/span>\n            <span>Wassermelone<\/span>\n          <\/div>\n          <a href=\"\/collections\/frucht-liquids\" class=\"mdw-btn\">Alle Sorten entdecken<\/a>\n        <\/div>\n      <\/article>\n\n      <article class=\"mdw-flavor-card\">\n        <img src=\"{{ 'flavor_dessert.jpg' | asset_url }}\" alt=\"Dessert\" class=\"mdw-flavor-img\">\n        <div class=\"mdw-flavor-body\">\n          <h2>Dessert<\/h2>\n          <p>Sahnig, cremig, verführerisch – perfekt für alle mit süßer Ader.<\/p>\n          <div class=\"mdw-chips\">\n            <span>Vanille<\/span>\n            <span>Karamell<\/span>\n            <span>Donut<\/span>\n          <\/div>\n          <a href=\"\/collections\/dessert-liquids\" class=\"mdw-btn\">Alle Sorten entdecken<\/a>\n        <\/div>\n      <\/article>\n\n      <article class=\"mdw-flavor-card\">\n        <img src=\"{{ 'flavor_menthol.jpg' | asset_url }}\" alt=\"Menthol\" class=\"mdw-flavor-img\">\n        <div class=\"mdw-flavor-body\">\n          <h2>Menthol &amp; Ice<\/h2>\n          <p>Frischer Kick für klare Köpfe – eiskalt und belebend.<\/p>\n          <div class=\"mdw-chips\">\n            <span>Ice<\/span>\n            <span>Spearmint<\/span>\n            <span>Cool Mix<\/span>\n          <\/div>\n          <a href=\"\/collections\/menthol-liquids\" class=\"mdw-btn\">Alle Sorten entdecken<\/a>\n        <\/div>\n      <\/article>\n    <\/div>\n\n    <section class=\"mdw-card mdw-highlight\">\n      <h2>Dein Geschmack, dein Stil<\/h2>\n      <p>Teste dich durch verschiedene Kategorien – von klassischen Tabaknoten bis zu exotischen Früchten – und finde deinen Favoriten.<\/p>\n      <div class=\"mdw-buttons\">\n        <a href=\"\/collections\/liquids\" class=\"mdw-btn\">Alle Liquids ansehen<\/a>\n        <a href=\"\/pages\/dampfer-lexikon\" class=\"mdw-btn mdw-btn-outline\">Mehr erfahren<\/a>\n      <\/div>\n    <\/section>\n  <\/div>\n<\/section>\n\n<style>\n:root {\n  --mdw-brand:#ABCA20;\n  --mdw-bg:#17171A;\n  --mdw-card:#1C1D22;\n  --mdw-text:#E9EDF3;\n  --mdw-sub:#A4ADBA;\n  --mdw-border:#2A2D33;\n}\n.flavors-page {\n  background:var(--mdw-bg);\n  color:var(--mdw-text);\n  padding:clamp(24px,4vw,56px) 0;\n  font-family:\"Poppins\",sans-serif;\n}\n.flavors-page h1,h2,h3{font-family:\"Orbitron\",sans-serif;letter-spacing:.02em;}\n.mdw-container{width:min(1100px,92vw);margin:0 auto;}\n.mdw-hero{text-align:center;margin-bottom:40px;}\n.mdw-hero p{color:var(--mdw-sub);max-width:700px;margin:0 auto;}\n\n\/* Grid *\/\n.mdw-flavor-grid{\n  display:grid;\n  grid-template-columns:repeat(auto-fit,minmax(250px,1fr));\n  gap:24px;\n  margin-bottom:40px;\n}\n\n\/* Cards *\/\n.mdw-flavor-card{\n  background:var(--mdw-card);\n  border:1px solid var(--mdw-border);\n  border-radius:16px;\n  overflow:hidden;\n  display:flex;\n  flex-direction:column;\n  transition:transform .25s ease, box-shadow .25s ease;\n  box-shadow:0 6px 16px rgba(0,0,0,.25);\n}\n.mdw-flavor-card:hover{\n  transform:translateY(-4px);\n  box-shadow:0 12px 24px rgba(0,0,0,.35);\n}\n.mdw-flavor-img{\n  width:100%;\n  height:180px;\n  object-fit:cover;\n  border-bottom:1px solid var(--mdw-border);\n}\n.mdw-flavor-body{\n  padding:18px;\n  display:flex;\n  flex-direction:column;\n  flex:1;\n}\n.mdw-flavor-body h2{margin:0 0 6px;}\n.mdw-flavor-body p{margin:0 0 12px;color:var(--mdw-sub);}\n.mdw-chips{\n  display:flex;flex-wrap:wrap;gap:8px;margin-bottom:16px;\n}\n.mdw-chips span{\n  background:rgba(171,202,32,.1);\n  border:1px solid rgba(171,202,32,.25);\n  border-radius:999px;\n  padding:6px 10px;\n  font-size:12px;\n  color:var(--mdw-text);\n}\n\n\/* Buttons *\/\n.mdw-btn{\n  background:var(--mdw-brand);\n  color:#fff;\n  border-radius:12px;\n  padding:10px 16px;\n  font-weight:700;\n  text-decoration:none;\n  text-align:center;\n  transition:all .25s ease;\n}\n.mdw-btn:hover{\n  background:#b6d22b;\n  transform:translateY(-1px);\n}\n.mdw-btn-outline{\n  background:transparent;\n  border:1px solid var(--mdw-brand);\n  color:var(--mdw-brand);\n}\n.mdw-btn-outline:hover{background:rgba(171,202,32,.15);}\n\n\/* Highlight *\/\n.mdw-highlight{\n  border:1px solid rgba(171,202,32,.45);\n  box-shadow:0 0 0 1px rgba(171,202,32,.25),0 0 18px rgba(171,202,32,.08);\n  border-radius:16px;\n  padding:clamp(18px,3vw,24px);\n  text-align:center;\n}\n.mdw-buttons{\n  display:flex;\n  justify-content:center;\n  gap:12px;\n  flex-wrap:wrap;\n  margin-top:16px;\n}\n\n\/* Links *\/\n.flavors-page a{\n  color:inherit;\n  text-decoration:none;\n}\n.flavors-page a:hover{color:#b6d22b;}\n\n\/* Footer bleibt unberührt *\/\nfooter a, .footer a, .site-footer a {\n  text-decoration:none !important;\n  font-family:inherit !important;\n  color:inherit !important;\n}\n@media(max-width:700px){\n  .mdw-hero h1{font-size:26px;}\n}\n<\/style>","custom_css":"\/* Eigene CSS-Regeln hier einfügen *\/","custom_js":"\/\/ Eigene JS-Skripte hier einfügen","full_width":true,"pad_top":40,"pad_bottom":40,"bg_color":"rgba(0,0,0,0)"}}},"order":["nov_promotion_bar_4PbxdL","header","custom_liquid_FDTyLP"]}