{"sections":{"custom_liquid_QpLnQV":{"type":"custom-liquid","name":"Custom Liquid Pro","settings":{"custom_liquid":"<!-- Breadcrumb (minimal) -->\n<section id=\"NovBreadcrumbs\" class=\"breadcrumb_inner mdw-bc--minimal\">\n  <div class=\"container position-relative\">\n    <a href=\"\/\" class=\"mdw-bc-home\">Startseite<\/a>\n    <h1 class=\"headingBreacrum text-uppercase f_pr font-800 mb-5 position-relative\">\n      {{ blog.title }}\n    <\/h1>\n  <\/div>\n<\/section>","custom_css":"\/* Orbitron laden *\/\n@import url('https:\/\/fonts.googleapis.com\/css2?family=Orbitron:wght@600;700;800&display=swap');\n\n\/* Keine Box \/ kein Rand \/ transparenter Hintergrund *\/\n#NovBreadcrumbs.mdw-bc--minimal{\n  background: transparent !important;\n  border: 0 !important;\n  padding: 8px 0 10px;\n}\n\n\/* Kleines \"Startseite\" oben *\/\n#NovBreadcrumbs .mdw-bc-home{\n  display:block;\n  text-align:center;\n  font-family:'Orbitron', system-ui, -apple-system, Segoe UI, Roboto, Helvetica, Arial !important;\n  font-size:12px;\n  letter-spacing:.02em;\n  color: var(--mdw-sub, #9aa3b2);\n  text-decoration:none;\n  margin:0 0 2px;\n}\n\n\/* Blog-Titel *\/\n#NovBreadcrumbs .headingBreacrum{\n  text-align:center;\n  font-family:'Orbitron', system-ui, -apple-system, Segoe UI, Roboto, Helvetica, Arial !important;\n  color: var(--mdw-text, #E9EDF3) !important;\n  letter-spacing:.2px;\n  line-height:1.15;\n  margin:0;\n}\n\n\/* Optional: Hoverfarbe für \"Startseite\" *\/\n#NovBreadcrumbs .mdw-bc-home:hover{ color: var(--mdw-brand, #ABCA20); }","custom_js":"\/\/ Eigene JS-Skripte hier einfügen","full_width":true,"pad_top":48,"pad_bottom":52,"bg_color":"rgba(0,0,0,0)"}},"main":{"type":"blog-template","blocks":{"65000c55-35bf-4941-ba47-66032dbdd092":{"type":"block_categories","disabled":true,"settings":{"sidebar_categories_title":"KATEGORIEN","sidebar_categories_class":"","sidebar_categories_menu":"side-men"}},"8863b6b9-0dee-4688-8dba-2184cb63a3d1":{"type":"block_search","settings":{"block_class":""}},"ac3cbe97-01c3-4d2f-b5ed-35ba32766556":{"type":"block_recentpost","settings":{"block_title":"Zuletzt veröffentlicht","block_class":"","number_show":3,"show_date":true,"show_comment":false,"show_author":false}},"282dd3ba-0005-45fd-b5dd-2375fa259b0e":{"type":"block_blogtags","disabled":true,"settings":{"block_title":"BLOG TAGS","btn_type":"btn-secondary","tag_color":"scheme-7dbefc98-3883-4d4e-937c-abd51fb30fa2","block_class":"","number_show":12}},"392605da-2171-4a62-8458-589427c73966":{"type":"block_banner","disabled":true,"settings":{"banner_title":"BLOG BANNER","banner_class":"","radius":10,"banner_link":"#"}}},"block_order":["65000c55-35bf-4941-ba47-66032dbdd092","8863b6b9-0dee-4688-8dba-2184cb63a3d1","ac3cbe97-01c3-4d2f-b5ed-35ba32766556","282dd3ba-0005-45fd-b5dd-2375fa259b0e","392605da-2171-4a62-8458-589427c73966"],"custom_css":[".breadcrumb_inner{display: none;}"],"settings":{"layout":"grid","blog_show_author":false,"blog_show_date":true,"blog_show_comment":true,"page_show_list":4,"page_show_column":4,"page_show_grid":3}}},"order":["custom_liquid_QpLnQV","main"]}