{"sections":{"main":{"type":"collection-template","custom_css":[".btn-quick-add {display: none;}"],"settings":{"show_list_collection":false,"font_size_title":"h3","show_nav":true,"xxl":4,"xl":4,"lg":4,"md":3,"sm":2,"xs":2,"spacing":30,"category":"side-men","show_more":20,"products_per_page":30,"sort_enable":true,"loadmore":true,"type_loadmore":"scroll","cb":false,"show_tags":false,"show_desc":true,"bg_b":"#f2f2f2"}},"166020887020e948ae":{"type":"nov-policy","blocks":{"166020887041ee3f6a-0":{"type":"item_policy","settings":{"title_policy":"Free Delivery","desc_policy":"Free shipping on all order above $200","mw":330,"link_label":"","link":"","bg_icon":"#f5f5f5","class":"mb-sm-20"}},"166020887041ee3f6a-1":{"type":"item_policy","settings":{"title_policy":"Support 24\/7","desc_policy":"Contact us 24 hours a day, 7 days a week","mw":330,"link_label":"","link":"","bg_icon":"#f5f5f5","class":"mb-sm-20"}},"166020887041ee3f6a-2":{"type":"item_policy","settings":{"title_policy":"7 Days Return","desc_policy":"Return it within 30 days for an exchange.","mw":330,"link_label":"","link":"","bg_icon":"#f5f5f5","class":""}}},"block_order":["166020887041ee3f6a-0","166020887041ee3f6a-1","166020887041ee3f6a-2"],"disabled":true,"settings":{"heading":"","heading_color":"#222222","subheading":"","subheading_color":"#666666","descheading":"","descheading_color":"#666666","subheading_position":"bottom","heading_alignment":"text-center","style":"style2","width_icon":50,"height_icon":50,"bg_i":true,"bg_i_w":88,"show_border_icon":false,"bg_i_shadow":true,"shadow_color":"","shadow_opacity":40,"icon_animate":false,"text_fz":16,"text_ff":"f_pr","t_fw":"font-700","desc_fz":14,"show_bgitem":false,"bg_itemcolor":"","bd_radius":0,"box_shadow":false,"show_border_item":false,"c_border":"","pt":0,"pb":0,"xxl":3,"xl":3,"lg":3,"md":3,"sm":1,"xs":1,"spacing":30,"animate":true,"show_border_section":false,"border_section_color":"#d2d2d2","container":"container","color_section":"","background_color":"","parallax":false,"bg_size":"full","class":"","px":0,"distance_top_xl":70,"distance_top_md":50,"distance_top_xs":40,"distance_bottom_xl":70,"distance_bottom_md":50,"distance_bottom_xs":40}},"recent-products":{"type":"nov-recently-viewed","disabled":true,"settings":{"heading":"<h2>Kürzlich angesehen<\/h2>","heading_color":"#222222","subheading":"","subheading_color":"#666666","heading_alignment":"text-center","grid_number_xxl":5,"grid_number":4,"grid_number_lg":3,"grid_number_md":3,"grid_number_sm":2,"grid_number_xs":2,"limit":13,"show_nav":false,"animate":true,"show_border":true,"border_color":"#ededed","container":"container","background_color":"","class":"","distance_top_xl":70,"distance_top_md":30,"distance_top_xs":30,"distance_bottom_xl":30,"distance_bottom_md":30,"distance_bottom_xs":30}},"custom_liquid_UTfDNH":{"type":"custom-liquid","name":"Custom Liquid Pro","settings":{"custom_liquid":"{%- if collection -%}\n  {%- assign desc_raw = collection.description -%}\n  {%- assign desc_plain = desc_raw | strip_html | strip -%}\n  {%- if desc_plain != blank -%}\n    <section class=\"collection-description-section\">\n      <div class=\"collection-description__container\">\n        {{ desc_raw }}\n      <\/div>\n    <\/section>\n\n    <style>\n      .collection-description-section {\n        width: 100%;\n        background: #F2F2F2;\n        padding: 60px 0;\n      }\n      .collection-description__container {\n        max-width: 1400px;\n        margin: 0 auto;\n        padding: 0 24px;\n        text-align: left;\n        color: var(--color-foreground, #333);\n        line-height: 1.7;\n      }\n      .collection-description__container a {\n        color: #ABCA20;\n        text-decoration: none;\n        font-weight: 600;\n        transition: color 0.2s ease;\n      }\n      .collection-description__container a:hover {\n        text-decoration: underline;\n      }\n      @media (max-width: 768px) {\n        .collection-description-section {\n          padding: 40px 0;\n        }\n        .collection-description__container {\n          padding: 0 20px;\n        }\n      }\n    <\/style>\n  {%- endif -%}\n{%- endif -%}","custom_css":"\/* Eigene CSS-Regeln hier einfügen *\/","custom_js":"\/\/ Eigene JS-Skripte hier einfügen","full_width":true,"pad_top":40,"pad_bottom":40,"bg_color":"rgba(0,0,0,0)"}}},"order":["main","166020887020e948ae","recent-products","custom_liquid_UTfDNH"]}