{"sections":{"nov_slideshow_GyxUQY":{"type":"nov-slideshow","blocks":{"image_4xgym8":{"type":"image","name":"e-zigaretten","settings":{"image":"shopify:\/\/shop_images\/Hintergrund_26335d6c-843f-4c27-9ffb-2ac0a5ab861d.png","img_xs":"shopify:\/\/shop_images\/Hintergrund_1.png","img":"shopify:\/\/shop_images\/Vordergrund.png","img_animate":true,"img_position":"right-center","img_position_horizotal_xxxl":10,"img_position_horizotal_xxl":10,"img_position_horizotal_xl":10,"img_position_horizotal_lg":10,"img_position_horizotal_md":10,"img_position_horizotal_sm":10,"img_position_horizotal_xs":5,"img_position_vertical_xxxl":0,"img_position_vertical_xxl":0,"img_position_vertical_xl":0,"img_position_vertical_lg":0,"img_position_vertical_md":0,"img_position_vertical_sm":0,"img_position_vertical_xs":0,"img_w_xxxl":28,"img_w_xxl":28,"img_w_xl":28,"img_w_lg":28,"img_w_md":28,"img_w_sm":28,"img_w_xs":50,"caption_1":"Finde deine E-Zigarette – dein <br> Einstieg in die Vape-Welt","color_cap1":"#ffffff","fz_cap1_xxl":48,"fz_cap1_xl":40,"fz_cap1_lg":36,"fz_cap1_md":30,"fz_cap1_sm":20,"fz_cap1_xs":20,"fw1":"700","fs1":"normal","tt1":"none","ff1":"f_pr","let1":0,"line_height1":"1.5","ts1_w":0,"ts1_c":"","mb1_xxl":15,"mb1_xl":15,"mb1_lg":15,"mb1_md":15,"mb1_xs":15,"cap_animate_1":"fadeInLeft","caption_2":"Finde das Gerät, das zu dir passt – mit top Geschmack, leichter Bedienung <br> für dein perfektes Dampferlebnis.","color_cap2":"#ffffff","fz_cap2_xxl":18,"fz_cap2_xl":15,"fz_cap2_lg":14,"fz_cap2_md":13,"fz_cap2_sm":11,"fz_cap2_xs":11,"fw2":"400","fs2":"normal","tt2":"none","ff2":"f_df","let2":0,"line_height2":"1.5","mb2_xxl":25,"mb2_xl":25,"mb2_lg":25,"mb2_md":25,"mb2_xs":25,"cap_animate_2":"fadeInRight","caption_3":"","color_cap3":"#ffffff","fz_cap3_xxl":16,"fz_cap3_xl":15,"fz_cap3_lg":14,"fz_cap3_md":13,"fz_cap3_sm":12,"fz_cap3_xs":11,"fw3":"400","fs3":"normal","tt3":"none","ff3":"f_df","let3":0,"line_height3":"1.5","mb3_xxl":30,"mb3_xl":30,"mb3_lg":30,"mb3_md":30,"mb3_xs":20,"cap_animate_3":"fadeInUp","caption_4":"","caption_link":"","color_cap4":"#000000","fz_cap4_xxl":14,"fz_cap4_xl":14,"fz_cap4_lg":14,"fz_cap4_md":14,"fz_cap4_sm":14,"fz_cap4_xs":14,"fw4":"400","fs4":"normal","tt4":"none","ff4":"f_df","let4":0,"line_height4":"1.5","mb4_xxl":0,"mb4_xl":0,"mb4_lg":0,"mb4_md":0,"mb4_xs":0,"cap_animate_4":"bounce","video_url":"","video_url_color":"#000000","video_url_bg":"#ffffff","video_url_border":"#6ec000","caption_btn":"Jetzt E-Zigaretten entdecken","slider_link":"shopify:\/\/collections\/e-zigaretten","btn_type":"btn-primary","btn_size":"btn-normal","color_button":"scheme-b49eb042-1b96-4650-91c9-2f486801d4e8","button_animate":"fadeInUp","cap_content":"container-fluid","text_align":"left","text_align_xs":"left","position":"left-center","position_horizotal_xxxl":0,"position_horizotal_xxl":0,"position_horizotal_xl":5,"position_horizotal_lg":5,"position_horizotal_md":5,"position_horizotal_sm":5,"position_horizotal_xs":5,"position_vertical_xxxl":6,"position_vertical_xxl":6,"position_vertical_xl":5,"position_vertical_lg":5,"position_vertical_md":5,"position_vertical_sm":5,"position_vertical_xs":5,"w_xxxl":50,"w_xxl":50,"w_xl":80,"w_lg":76,"w_md":80,"w_sm":90,"w_xs":58}},"image_UbE9Rf":{"type":"image","name":"Liquids","settings":{"image":"shopify:\/\/shop_images\/Hintergrund_2.png","img_xs":"shopify:\/\/shop_images\/E-Zigaretten_Instagram-Post_45_2.png","img":"shopify:\/\/shop_images\/Vordergrund_2.png","img_animate":true,"img_position":"right-center","img_position_horizotal_xxxl":5,"img_position_horizotal_xxl":5,"img_position_horizotal_xl":5,"img_position_horizotal_lg":5,"img_position_horizotal_md":10,"img_position_horizotal_sm":5,"img_position_horizotal_xs":10,"img_position_vertical_xxxl":0,"img_position_vertical_xxl":0,"img_position_vertical_xl":0,"img_position_vertical_lg":0,"img_position_vertical_md":0,"img_position_vertical_sm":0,"img_position_vertical_xs":0,"img_w_xxxl":40,"img_w_xxl":40,"img_w_xl":35,"img_w_lg":31,"img_w_md":33,"img_w_sm":33,"img_w_xs":50,"caption_1":"Finde dein Liquid – Geschmack, <br>der begeistert!","color_cap1":"#ffffff","fz_cap1_xxl":48,"fz_cap1_xl":40,"fz_cap1_lg":36,"fz_cap1_md":25,"fz_cap1_sm":20,"fz_cap1_xs":20,"fw1":"700","fs1":"normal","tt1":"none","ff1":"f_pr","let1":0,"line_height1":"1.5","ts1_w":0,"ts1_c":"","mb1_xxl":15,"mb1_xl":15,"mb1_lg":15,"mb1_md":15,"mb1_xs":15,"cap_animate_1":"fadeInLeft","caption_2":"Von fruchtig bis frisch, nikotinfrei oder mit Nikotinsalz – <br>bei uns findest du dein perfektes Vape-Erlebnis.","color_cap2":"#ffffff","fz_cap2_xxl":18,"fz_cap2_xl":15,"fz_cap2_lg":14,"fz_cap2_md":13,"fz_cap2_sm":11,"fz_cap2_xs":11,"fw2":"400","fs2":"normal","tt2":"none","ff2":"f_df","let2":0,"line_height2":"1.5","mb2_xxl":25,"mb2_xl":25,"mb2_lg":25,"mb2_md":25,"mb2_xs":25,"cap_animate_2":"fadeInRight","caption_3":"","color_cap3":"#ffffff","fz_cap3_xxl":16,"fz_cap3_xl":15,"fz_cap3_lg":14,"fz_cap3_md":13,"fz_cap3_sm":12,"fz_cap3_xs":11,"fw3":"400","fs3":"normal","tt3":"none","ff3":"f_df","let3":0,"line_height3":"1.5","mb3_xxl":30,"mb3_xl":30,"mb3_lg":30,"mb3_md":30,"mb3_xs":20,"cap_animate_3":"fadeInUp","caption_4":"","caption_link":"","color_cap4":"#000000","fz_cap4_xxl":14,"fz_cap4_xl":14,"fz_cap4_lg":14,"fz_cap4_md":14,"fz_cap4_sm":14,"fz_cap4_xs":14,"fw4":"400","fs4":"normal","tt4":"none","ff4":"f_df","let4":0,"line_height4":"1.5","mb4_xxl":0,"mb4_xl":0,"mb4_lg":0,"mb4_md":0,"mb4_xs":0,"cap_animate_4":"bounce","video_url":"","video_url_color":"#000000","video_url_bg":"#ffffff","video_url_border":"#6ec000","caption_btn":"Jetzt Liquids entdecken","slider_link":"shopify:\/\/collections\/liquids","btn_type":"btn-primary","btn_size":"btn-normal","color_button":"scheme-b49eb042-1b96-4650-91c9-2f486801d4e8","button_animate":"fadeInUp","cap_content":"container-fluid","text_align":"left","text_align_xs":"left","position":"left-center","position_horizotal_xxxl":0,"position_horizotal_xxl":0,"position_horizotal_xl":5,"position_horizotal_lg":5,"position_horizotal_md":5,"position_horizotal_sm":5,"position_horizotal_xs":5,"position_vertical_xxxl":6,"position_vertical_xxl":6,"position_vertical_xl":5,"position_vertical_lg":5,"position_vertical_md":5,"position_vertical_sm":5,"position_vertical_xs":5,"w_xxxl":50,"w_xxl":50,"w_xl":80,"w_lg":76,"w_md":52,"w_sm":56,"w_xs":58}}},"block_order":["image_4xgym8","image_UbE9Rf"],"settings":{"autoplay":true,"zoom":true,"autoplay_speed":"7","enable_mh":false,"img_crop_position":"center","h_xxxl":450,"h_xxl":450,"h_xl":450,"h_lg":450,"h_xs":230,"loading_bar":false,"bg_load":"#ffffff","bg_load_opacity":15,"show_arrow":true,"color_arrow":"#ffffff","color_arrow_act":"#abca20","show_dots":true,"c_dot":"#ffffff","c_dot_opacity":100,"c_dot_a":"#abca20","bd_dot_a":"rgba(0,0,0,0)","bd_dot_opacity":0,"dot_bottom":"30px","dots_number":false,"progress_num":false,"c_progress_number":"#000000","bg_progress":"#cccccc","bg_progress_loading":"#000000","animate":false,"wave":false,"wave_bg":"#ffffff","container":"container-full","background_color":"rgba(0,0,0,0)","gradient":"","gradient_time":25,"class":"","tl_radius":0,"tr_radius":0,"br_radius":0,"bl_radius":0,"px":0,"distance_top_xl":0,"distance_top_md":0,"distance_top_xs":0,"distance_bottom_xl":110,"distance_bottom_md":70,"distance_bottom_xs":10}},"nov_image_slider_rTKkcJ":{"type":"nov-image-slider","blocks":{"image_mAPrn3":{"type":"image","settings":{"image":"shopify:\/\/shop_images\/img-1-3.webp","link":"shopify:\/\/collections\/fertigliquids","align":"text-left","title":"Liquids","stitle":"","desc":"","btn":true}},"image_KjEfMy":{"type":"image","settings":{"image":"shopify:\/\/shop_images\/Design_ohne_Titel_1_1a40b89d-0203-40aa-948b-22a885f48dfd.webp","link":"shopify:\/\/collections\/akkutrger","align":"text-left","title":"Akkuträger","stitle":"","desc":"","btn":true}},"image_94hnK6":{"type":"image","settings":{"image":"shopify:\/\/shop_images\/img-1-5.webp","link":"shopify:\/\/collections\/pod-systeme","align":"text-left","title":"Pod Systeme","stitle":"","desc":"","btn":true}},"image_brkcYj":{"type":"image","settings":{"image":"shopify:\/\/shop_images\/img-1-6.webp","link":"shopify:\/\/collections\/verdampferkpfe","align":"text-left","title":"Verdampferköpfe","stitle":"","desc":"","btn":true}}},"block_order":["image_mAPrn3","image_KjEfMy","image_94hnK6","image_brkcYj"],"settings":{"heading":"<p>KATEGORIEN<\/p>","heading_color":"#abca20","subheading":"","subheading_color":"#222222","descheading":"","descheading_color":"#666666","subheading_position":"bottom","heading_alignment":"text-center","style":"style3","auto":true,"time":3,"s_dot":false,"dots_c":"#666666","dots_ca":"#000000","s_nav":false,"spacing":30,"aspect":"auto","border_radius":24,"img_animate":true,"lg":4,"md":3,"sm":2,"xs":2,"one_slider":true,"enable_shadow":false,"show_block_text":true,"t_c":"#ffffff","t_fw":"font-500","t_ff":"f_pr","t_s":18,"t_s_md":14,"t_mb":10,"t_mb_md":10,"st_c":"#666666","st_fw":"font-400","st_ff":"f_df","st_s":14,"st_s_md":13,"st_mb":10,"st_mb_md":10,"d_c":"#666666","d_fw":"font-400","d_ff":"f_df","d_s":14,"d_s_md":13,"d_mb":10,"d_mb_md":10,"show_color_btn_link":true,"color_btn_link":"linear-gradient(135deg, rgba(150, 205, 120, 1), rgba(74, 200, 180, 1) 35%, rgba(74, 200, 180, 1) 65%, rgba(150, 205, 120, 1) 100%)","show_btn_zoom":false,"animate":true,"container":"container-fluid","color_section":"background-2","background_color":"","class":"","pl_xl":0,"pl_md":0,"pl_xs":0,"pr_xl":0,"pr_md":0,"pr_xs":0,"distance_top_xl":30,"distance_top_md":30,"distance_top_xs":30,"distance_bottom_xl":110,"distance_bottom_md":70,"distance_bottom_xs":30}},"nov_policy_rqxwFG":{"type":"nov-policy","blocks":{"item_policy_bCHqkP":{"type":"item_policy","name":"Kostenloser Versand","settings":{"policy_icon":"shopify:\/\/shop_images\/Kostenloser_Versand.png","title_policy":"Kostenloser Versand","desc_policy":"ab 50€ Bestellwert","mw":500,"link_label":"","link":"","bg_icon":"#1e1e20","class":"mb-lg-50"}},"item_policy_M8Ckr8":{"type":"item_policy","name":"Blitzschneller Versand","settings":{"policy_icon":"shopify:\/\/shop_images\/Blitzschneller_Versand.png","title_policy":"Blitzschneller Versand","desc_policy":"in 1-3 Tagen bei dir","mw":320,"link_label":"","link":"","bg_icon":"#1e1e20","class":"mb-lg-50"}},"item_policy_HyJnpt":{"type":"item_policy","name":"Strenges Qualitätsmanagement","settings":{"policy_icon":"shopify:\/\/shop_images\/Gepruefte_Qualitaet.png","title_policy":"Geprüfte Qualität","desc_policy":"wir führen nur geprüfte Qualitätsprodukte","mw":320,"link_label":"","link":"","bg_icon":"#1e1e20","class":"mb-sm-50"}},"item_policy_wApABz":{"type":"item_policy","name":"24\/7 Support ","settings":{"policy_icon":"shopify:\/\/shop_images\/Sicherer_Einkauf.png","title_policy":"Sicherer Einkauf","desc_policy":"Sicherheit steht bei uns an erster Stelle","mw":200,"link_label":"","link":"","bg_icon":"#1e1e20","class":""}}},"block_order":["item_policy_bCHqkP","item_policy_M8Ckr8","item_policy_HyJnpt","item_policy_wApABz"],"settings":{"heading":"","heading_color":"#222222","subheading":"","subheading_color":"#666666","descheading":"","descheading_color":"#666666","subheading_position":"bottom","heading_alignment":"text-center","style":"style2","width_icon":50,"height_icon":50,"bg_i":true,"bg_i_w":90,"show_border_icon":false,"bg_i_shadow":true,"shadow_color":"#2d907c","shadow_opacity":40,"icon_animate":false,"text_fz":20,"text_ff":"f_df","t_fw":"font-500","desc_fz":16,"show_bgitem":false,"bg_itemcolor":"#b22020","bd_radius":39,"box_shadow":false,"show_border_item":false,"c_border":"#20db00","pt":85,"pb":0,"xxl":4,"xl":4,"lg":2,"md":2,"sm":1,"xs":1,"spacing":30,"animate":true,"show_border_section":false,"border_section_color":"#d2d2d2","container":"container-fluid","color_section":"background-2","background_color":"","parallax":false,"bg_size":"full","class":"","px":0,"distance_top_xl":30,"distance_top_md":30,"distance_top_xs":0,"distance_bottom_xl":110,"distance_bottom_md":70,"distance_bottom_xs":0}},"nov_gallery_image_4UcUgD":{"type":"nov-gallery-image","blocks":{"image_n3rPii":{"type":"image","settings":{"image":"shopify:\/\/shop_images\/Banner_4.webp","link":"shopify:\/\/pages\/geschmacksrichtungen","pattern_position":"right-center","pattern_position_horizotal":0,"pattern_position_vertical":0,"width":20,"cta_label":"Geschmacksrichtungen entdecken","cta_label_c":"#ffffff","cta_label_span_c":"#222222","cta_label_n_xxl":40,"cta_label_n_xl":36,"cta_label_n_lg":30,"cta_label_n_md":26,"cta_label_n_sm":24,"cta_label_n_xs":22,"cta_label_fw":"font-700","ff_1":"f_pr","cta_label_l":"","cta_label_mb":15,"cta_label2":"<p>Einzigartige Geschmacksrichtungen entdecken für ein einzigartiges Erlebnis.<\/p>","cta_label2_c":"#ffffff","cta_label2_n_xxl":16,"cta_label2_n_xl":15,"cta_label2_n_lg":13,"cta_label2_n_md":13,"cta_label2_n_sm":12,"cta_label2_n_xs":11,"ff_2":"f_df","cta_label2_l":"","mw_2":1000,"cta_label2_mb":15,"cta_label3":"","cta_label3_c":"#222222","cta_label3_n_xxl":16,"cta_label3_n_xl":16,"cta_label3_n_lg":16,"cta_label3_n_md":16,"cta_label3_n_sm":16,"cta_label3_n_xs":16,"ff_3":"f_df","cta_label3_l":"","mw_3":500,"cta_label3_mb":10,"btn_label":"Jetzt entdecken","btn_label_c":"#ffffff","btn_label_ch":"#abca20","btn_label_br":"#ffffff","btn_label_b":"#222222","btn_label_bh":"#000000","show_newsletter":false,"text_align":"left","position":"left-bottom","position_horizotal_xxl":6,"position_horizotal_xl":5,"position_horizotal_lg":5,"position_horizotal_md":5,"position_horizotal_sm":8,"position_horizotal_xs":8,"position_vertical_xxl":8,"position_vertical_xl":8,"position_vertical_lg":8,"position_vertical_md":5,"position_vertical_sm":8,"position_vertical_xs":8,"w_xxl":90,"w_xl":90,"w_lg":90,"w_md":90,"w_sm":90,"w_xs":90,"class":""}},"image_zJRfjQ":{"type":"image","settings":{"image":"shopify:\/\/shop_images\/Banner_3.webp","link":"shopify:\/\/collections\/startersets","pattern_position":"right-center","pattern_position_horizotal":0,"pattern_position_vertical":0,"width":20,"cta_label":"Starter Sets","cta_label_c":"#ffffff","cta_label_span_c":"#222222","cta_label_n_xxl":40,"cta_label_n_xl":36,"cta_label_n_lg":30,"cta_label_n_md":26,"cta_label_n_sm":24,"cta_label_n_xs":22,"cta_label_fw":"font-700","ff_1":"f_pr","cta_label_l":"","cta_label_mb":15,"cta_label2":"<p>Mit unseren Starter Sets hast du alles, was du brauchst – einfach auspacken und losdampfen.<\/p>","cta_label2_c":"#ffffff","cta_label2_n_xxl":16,"cta_label2_n_xl":15,"cta_label2_n_lg":13,"cta_label2_n_md":13,"cta_label2_n_sm":12,"cta_label2_n_xs":11,"ff_2":"f_df","cta_label2_l":"","mw_2":1000,"cta_label2_mb":15,"cta_label3":"","cta_label3_c":"#222222","cta_label3_n_xxl":16,"cta_label3_n_xl":16,"cta_label3_n_lg":16,"cta_label3_n_md":16,"cta_label3_n_sm":16,"cta_label3_n_xs":16,"ff_3":"f_df","cta_label3_l":"","mw_3":500,"cta_label3_mb":10,"btn_label":"Zu den Starter Sets","btn_label_c":"#ffffff","btn_label_ch":"#abca20","btn_label_br":"#ffffff","btn_label_b":"#222222","btn_label_bh":"#000000","show_newsletter":false,"text_align":"left","position":"left-bottom","position_horizotal_xxl":6,"position_horizotal_xl":5,"position_horizotal_lg":5,"position_horizotal_md":5,"position_horizotal_sm":5,"position_horizotal_xs":5,"position_vertical_xxl":8,"position_vertical_xl":8,"position_vertical_lg":8,"position_vertical_md":5,"position_vertical_sm":5,"position_vertical_xs":5,"w_xxl":90,"w_xl":90,"w_lg":90,"w_md":90,"w_sm":90,"w_xs":90,"class":""}}},"block_order":["image_n3rPii","image_zJRfjQ"],"settings":{"heading":"","heading_color":"#222222","subheading":"","subheading_color":"#666666","descheading":"","descheading_color":"#666666","subheading_position":"bottom","heading_alignment":"text-left","bd_radius":24,"spacing":30,"spacing_md":20,"spacing_1":false,"show_boxshadow":false,"style_img_1":false,"style_img_2":true,"btn_style":"link","animate":true,"container":"container-fluid","background_color":"","bg_size":"full","class_section":"","px":0,"distance_top_xl":30,"distance_top_md":30,"distance_top_xs":30,"distance_bottom_xl":110,"distance_bottom_md":70,"distance_bottom_xs":30}},"nov_products_slider_PYEHkD":{"type":"nov-products-slider","name":"Unsere Bestseller","settings":{"heading":"<p>Unsere Bestseller<\/p>","heading_color":"#abca20","subheading":"<p>Von unseren Kunden geliebt – hier findest du die Vape-Produkte, die immer wieder überzeugen.<\/p>","subheading_color":"#f0f0f0","descheading":"","descheading_color":"#132742","subheading_position":"bottom","heading_alignment":"text-center","collection":"bestseller-1","type":"grid","enable_custom_style":true,"product_border_color":"#2b282f","product_background_color":"#2b282f","product_title_color":"#ffffff","product_title_color_hover":"#abca20","product_type_color":"#ffffff","product_price_color":"#ffffff","product_price_reduced_color":"#eeeeee","viewall":false,"xxl":4,"xl":4,"lg":4,"md":4,"sm":4,"xs":2,"limit":7,"row_number":1,"row_mobile":1,"spacing":30,"show_nav":true,"show_dots":true,"show_pagination_progress":false,"pagination_progress_bg":"#eaeaee","progress_bg":"#abca20","arrow_color":"#ffffff","arrow_bg":"#222222","arrow_border":"#222222","corner_banner":0,"banner_position":"left","animate":true,"container":"container-fluid","color_section":"background-2","background_color":"","bg_pattern_position":"width: 20%; left: 0; top: 20%","class":"","distance_top_xl":30,"distance_top_md":30,"distance_top_xs":30,"distance_bottom_xl":110,"distance_bottom_md":70,"distance_bottom_xs":30}},"nov_products_slider_WDrCEW":{"type":"nov-products-slider","name":"Neuheiten Produkt Slider ","settings":{"heading":"<p>Neu im Sortiment<\/p>","heading_color":"#abca20","subheading":"","subheading_color":"#f0f0f0","descheading":"","descheading_color":"#132742","subheading_position":"bottom","heading_alignment":"text-center","collection":"neuheiten","type":"grid","enable_custom_style":true,"product_border_color":"#2b282f","product_background_color":"#2b282f","product_title_color":"#ffffff","product_title_color_hover":"#abca20","product_type_color":"#ffffff","product_price_color":"#ffffff","product_price_reduced_color":"#eeeeee","viewall":false,"xxl":4,"xl":4,"lg":4,"md":4,"sm":4,"xs":2,"limit":7,"row_number":1,"row_mobile":1,"spacing":30,"show_nav":true,"show_dots":true,"show_pagination_progress":false,"pagination_progress_bg":"#eaeaee","progress_bg":"#abca20","arrow_color":"#ffffff","arrow_bg":"#222222","arrow_border":"#222222","corner_banner":0,"banner_position":"left","animate":true,"container":"container-fluid","color_section":"background-2","background_color":"","bg_pattern_position":"width: 20%; left: 0; top: 20%","class":"","distance_top_xl":30,"distance_top_md":30,"distance_top_xs":30,"distance_bottom_xl":110,"distance_bottom_md":70,"distance_bottom_xs":30}},"nov_countdown_trN9UM":{"type":"nov-countdown","name":"Top Deals","settings":{"heading":"Top Deals sichern","heading_color":"#ffffff","subheading":"<p>Spare jetzt bei ausgewählten E-Zigaretten & Liquids – nur solange der Vorrat reicht!<\/p>","subheading_color":"#ffffff","descheading":"","descheading_color":"#132742","subheading_position":"bottom","heading_alignment":"text-left","countdown_timeend":"2025\/09\/09","border_radius":10,"c_cd":"linear-gradient(135deg, rgba(11, 40, 58, 1), rgba(58, 175, 107, 1) 40%, rgba(120, 191, 160, 1) 59%, rgba(120, 191, 160, 1) 74%, rgba(58, 175, 169, 1) 100%, rgba(11, 40, 58, 1) 100%)","bg_cd":"#ffffff","show_shadow":true,"btn":"Jetzt sparen","btn_link":"shopify:\/\/collections\/sale","color_section":"background-2","img_right":"shopify:\/\/shop_images\/img-1-9.webp","container":"container-fluid","background_color":"#17171a","corner_radius":0,"bg_img_position":"center","height_background_xxl":58,"height_background_xl":66,"height_background_lg":70,"height_background_md":100,"height_background_sm":100,"height_background_xs":100,"bg_size":"full","bg_position":"center","bg_gradient_top":"linear-gradient(270deg, rgba(11, 40, 58, 1), rgba(58, 175, 169, 1) 33.33%, rgba(171, 202, 32, 1) 66.67%, rgba(123, 97, 255, 1) 100%)","bg_gradient_top_time":15,"class":"","distance_top_xl":0,"distance_top_md":30,"distance_top_xs":40,"distance_bottom_xl":0,"distance_bottom_md":30,"distance_bottom_xs":30}},"nov_collection_tabs_k7Wzpe":{"type":"nov-collection-tabs","blocks":{"tabitem_6nbgX9":{"type":"tabitem","settings":{"tab_title":"Elfbar","collection_handle":"e-zigaretten-elfbar"}},"tabitem_9eiwJ8":{"type":"tabitem","settings":{"tab_title":"Vaporesso","collection_handle":"e-zigaretten-vaporesso"}},"tabitem_c3bKPz":{"type":"tabitem","settings":{"tab_title":"GeekVape","collection_handle":"e-zigaretten-geekvape"}},"tabitem_Djc7Cz":{"type":"tabitem","settings":{"tab_title":"Uwell","collection_handle":"e-zigaretten-uwell"}},"tabitem_PFgHqd":{"type":"tabitem","settings":{"tab_title":"Lost Vape","collection_handle":"e-zigaretten-lost-vape"}},"tabitem_JAKhDr":{"type":"tabitem","settings":{"tab_title":"Lost Mary","collection_handle":"e-zigaretten-lost-mary"}}},"block_order":["tabitem_6nbgX9","tabitem_9eiwJ8","tabitem_c3bKPz","tabitem_Djc7Cz","tabitem_PFgHqd","tabitem_JAKhDr"],"name":"Top Produkte","settings":{"heading":"<p>Top E-Zigaretten<\/p>","heading_color":"#abca20","subheading":"","subheading_color":"#ffffff","subheading_position":"bottom","heading_alignment":"text-center","xxl":4,"xl":4,"lg":3,"md":3,"sm":2,"xs":2,"row_number":1,"row_mobile":1,"limit":30,"spacing":30,"show_dot":true,"show_nav":true,"nav_style":"nav_2","btn_type_nav":"btn-secondary","btn_size_nav":"btn-normal","enable_custom_style":true,"product_border_color":"#2b282f","product_background_color":"#2b282f","product_title_color":"#ffffff","product_title_color_hover":"#abca20","product_type_color":"#ffffff","product_price_color":"#ffffff","product_price_reduced_color":"#eeeeee","view_all":false,"btn_type":"btn-primary","btn_size":"btn-medium","animate":false,"container":"container-fluid","color_section":"background-2","background_color":"","bg_img_position":"center","height_background":100,"bg_position":"top","bg_size":"full","class":"","spacing_horizontal":0,"distance_top_xl":110,"distance_top_md":70,"distance_top_xs":30,"distance_bottom_xl":120,"distance_bottom_md":80,"distance_bottom_xs":60}},"nov_manufacture_h73gAY":{"type":"nov-manufacture","blocks":{"logo_image_WXUi7i":{"type":"logo_image","settings":{"image":"shopify:\/\/shop_images\/1_1b3b9383-5ecc-4b3f-9821-7864ae15ff36.png","link":"shopify:\/\/collections\/zombie"}},"logo_image_p8TqyK":{"type":"logo_image","settings":{"image":"shopify:\/\/shop_images\/2_fccf7c53-49e1-4838-8e25-80b1f1400f5d.png","link":"shopify:\/\/collections\/fiasco-brew"}},"logo_image_FYCKLR":{"type":"logo_image","settings":{"image":"shopify:\/\/shop_images\/4.png","link":"shopify:\/\/collections\/bad-candy-liquids"}},"logo_image_ttqWxp":{"type":"logo_image","settings":{"image":"shopify:\/\/shop_images\/3.png","link":"shopify:\/\/collections\/fruizee"}},"logo_image_yttqbw":{"type":"logo_image","settings":{"image":"shopify:\/\/shop_images\/8.png","link":"shopify:\/\/collections\/vampire-vape"}},"logo_image_EMD9zi":{"type":"logo_image","settings":{"image":"shopify:\/\/shop_images\/5.png","link":"shopify:\/\/collections\/revoltage"}},"logo_image_xdVpzb":{"type":"logo_image","settings":{"image":"shopify:\/\/shop_images\/6.png","link":"shopify:\/\/collections\/schmeckt"}},"logo_image_qPUUae":{"type":"logo_image","settings":{"image":"shopify:\/\/shop_images\/7.png","link":"shopify:\/\/collections\/kirschlolli"}},"logo_image_rgXD44":{"type":"logo_image","settings":{"image":"shopify:\/\/shop_images\/Design_ohne_Titel_19.png","link":"shopify:\/\/collections\/maza"}},"logo_image_Gm79dK":{"type":"logo_image","settings":{"image":"shopify:\/\/shop_images\/Design_ohne_Titel_18.png","link":"shopify:\/\/collections\/horror-juice"}}},"block_order":["logo_image_WXUi7i","logo_image_p8TqyK","logo_image_FYCKLR","logo_image_ttqWxp","logo_image_yttqbw","logo_image_EMD9zi","logo_image_xdVpzb","logo_image_qPUUae","logo_image_rgXD44","logo_image_Gm79dK"],"name":"Hersteller","settings":{"heading":"<p>Unsere Top-Marken<\/p>","heading_color":"#abca20","subheading":"","subheading_color":"#666666","descheading":"","descheading_color":"#666666","subheading_position":"bottom","heading_alignment":"text-center","type":"grid","width_icon":330,"height_icon":100,"bg_item":"rgba(0,0,0,0)","border_color":"rgba(0,0,0,0)","box_shadow":false,"corner_radius":0,"paddingX":0,"paddingY":0,"auto":true,"time":3,"one_slider":true,"xxl":5,"xl":5,"lg":5,"md":5,"sm":3,"xs":2,"spacing":30,"animate":true,"container":"container-fluid","background_color":"","class":"","distance_top_xl":0,"distance_top_md":0,"distance_top_xs":0,"distance_bottom_xl":110,"distance_bottom_md":70,"distance_bottom_xs":30}},"custom_liquid_xL4CBt":{"type":"custom-liquid","name":"Custom Liquid Pro","settings":{"custom_liquid":"<div class=\"btn-wrap\">\n  <a href=\"\/pages\/hersteller-ubersicht\" class=\"mdw-cta\" aria-label=\"Alle Hersteller anzeigen\">\n    <span>Alle Hersteller anzeigen<\/span>\n    <svg class=\"arrow\" width=\"22\" height=\"22\" viewBox=\"0 0 24 24\" fill=\"none\" aria-hidden=\"true\">\n      <path d=\"M5 12h14M13 6l6 6-6 6\" stroke=\"currentColor\" stroke-width=\"2\" stroke-linecap=\"round\" stroke-linejoin=\"round\"\/>\n    <\/svg>\n  <\/a>\n<\/div>\n\n<style>\n  .btn-wrap{display:flex;justify-content:center;align-items:center;padding:10px 0}\n  .mdw-cta{\n    --grad: linear-gradient(135deg, rgba(11,40,58,1), rgba(58,175,107,1) 40%, rgba(120,191,160,1) 59%, rgba(120,191,160,1) 74%, rgba(58,175,169,1) 100%, rgba(11,40,58,1) 100%);\n    --grad-hover: linear-gradient(135deg, rgba(11,40,58,1), rgba(58,175,169,1) 35%, rgba(120,191,160,1) 58%, rgba(120,191,160,1) 64%, rgba(58,175,169,1) 76%, rgba(11,40,58,1) 100%);\n    display:inline-flex;align-items:center;gap:12px;\n    padding:14px 26px;border-radius:9999px;text-decoration:none;\n    background:var(--grad);color:#fff;font-weight:700;letter-spacing:.2px;\n    box-shadow:0 8px 24px rgba(0,0,0,.35), inset 0 1px 0 rgba(255,255,255,.15);\n    transition:background .25s ease, transform .15s ease, box-shadow .25s ease, color .2s ease;\n  }\n  .mdw-cta .arrow{display:block;transition:transform .25s ease;transform-origin:50% 50%}\n  .mdw-cta:hover{\n    background:var(--grad-hover);\n    color:#fff;\n    transform:translateY(-1px);\n    box-shadow:0 10px 28px rgba(0,0,0,.4), inset 0 1px 0 rgba(255,255,255,.2)\n  }\n  .mdw-cta:hover .arrow{ transform: translate(4px,-4px) rotate(-45deg) }\n  .mdw-cta:active{ transform:translateY(0) }\n  .mdw-cta:focus-visible{ outline:2px solid rgba(255,255,255,.9); outline-offset:3px }\n  @media (prefers-reduced-motion: reduce){\n    .mdw-cta, .mdw-cta .arrow{ transition:none }\n  }\n<\/style>","custom_css":"\/* Eigene CSS-Regeln hier einfügen *\/","custom_js":"\/\/ Eigene JS-Skripte hier einfügen","full_width":false,"pad_top":0,"pad_bottom":40,"bg_color":"rgba(0,0,0,0)"}},"nov_video_TkcNzB":{"type":"nov-video","blocks":{"text_fNrD6g":{"type":"text","settings":{"text":"<p>Dein Moment. Dein Dampf.<\/p>","t_s":40,"t_s_md":13,"t_c":"#ffffff","t_ff":"f_pr","t_fw":"font-700","t_tt":"capitalize","t_lh":"1.5","t_lt":"0","t_m":1320,"distance_bottom":15}},"text_Eh4LQA":{"type":"text","settings":{"text":"<p>Entdecke E-Zigaretten & Liquids für jedes Geschmackserlebnis.<\/p>","t_s":16,"t_s_md":13,"t_c":"#ffffff","t_ff":"f_df","t_fw":"font-400","t_tt":"none","t_lh":"1.5","t_lt":"0","t_m":1320,"distance_bottom":32}},"btn_iXdxFR":{"type":"btn","settings":{"btn":"Produkte entdecken","btn_link":"shopify:\/\/collections\/all","btn_type":"btn-primary","btn_size":"btn-normal","c_btn":"#ffffff","b_btn":"#222222","c_btn_h":"#ffffff","b_btn_h":"#222222","distance_bottom":5}}},"block_order":["text_fNrD6g","text_Eh4LQA","btn_iXdxFR"],"settings":{"video":"shopify:\/\/files\/videos\/Fumee Video.mov","video_parallax":true,"show_video_popup":false,"video_url":"","btn_play_color":"background-2","autoplay":true,"muted":true,"controls":false,"enable_mh":true,"mh_xxl":800,"mh_xl":600,"mh_md":500,"mh":400,"image_overlay_opacity":0,"img_left_title":"","img_left_desc":"","img_left_color":"#666666","img_left_btn":false,"img_left_link":"","img_left_btn_color":"background-2","radius":0,"container":"container-full","animate":true,"class":"","px":0,"distance_top_xl":30,"distance_top_md":30,"distance_top_xs":30,"distance_bottom_xl":110,"distance_bottom_md":70,"distance_bottom_xs":30}},"nov_image_split_7TpUi4":{"type":"nov-image-split","blocks":{"image_EJL333":{"type":"image","settings":{"image":"shopify:\/\/shop_images\/img-1-11.webp","link":"#","cta_label":"<p>Anna K.<\/p>","cta_label_c":"#ffffff","cta_label_n_xxl":20,"cta_label_n_xl":18,"cta_label_n_lg":16,"cta_label_n_md":16,"cta_label_n_sm":16,"cta_label_n_xs":16,"cta_label_fw":"font-700","ff_1":"f_pr","cta_label_l":"","cta_label_mb":20,"cta_label2":"<p>„Ich habe lange überlegt, wie ich am besten von der Zigarette wegkomme. Über den Shop habe ich mir ein Starterset bestellt und bin begeistert: einfache Bedienung, super erklärt und sofort einsatzbereit. Besonders gefallen hat mir, dass ich direkt die passende Nikotinstärke finden konnte. Nach zwei Wochen habe ich keine Zigarette mehr angerührt. Für mich die perfekte Lösung!“<\/p>","cta_label2_c":"#ffffff","cta_label2_n_xxl":16,"cta_label2_n_xl":15,"cta_label2_n_lg":14,"cta_label2_n_md":13,"cta_label2_n_sm":12,"cta_label2_n_xs":11,"cta_label_fw2":"font-400","ff_2":"f_df","cta_label2_l":"1.5","mw_2":500,"cta_label2_mb":10,"btn_label":"","btn_color":"background-1","text_align":"left","bg":"#ff4da9","bg_opacity":20}},"image_pNNmrc":{"type":"image","settings":{"image":"shopify:\/\/shop_images\/img-1-12.webp","link":"#","cta_label":"<p>Thomas R.<\/p>","cta_label_c":"#ffffff","cta_label_n_xxl":20,"cta_label_n_xl":18,"cta_label_n_lg":16,"cta_label_n_md":16,"cta_label_n_sm":16,"cta_label_n_xs":16,"cta_label_fw":"font-700","ff_1":"f_pr","cta_label_l":"","cta_label_mb":0,"cta_label2":"<p>„Ich bestelle regelmäßig meine Liquids hier und bin jedes Mal überrascht, wie schnell das Paket bei mir ist. Montag bestellt, Mittwoch schon da. Die Auswahl ist riesig – von fruchtigen Sorten bis hin zu klassischen Tabakaromen ist alles dabei. Klare Empfehlung!“<\/p>","cta_label2_c":"#ffffff","cta_label2_n_xxl":16,"cta_label2_n_xl":15,"cta_label2_n_lg":14,"cta_label2_n_md":13,"cta_label2_n_sm":12,"cta_label2_n_xs":11,"cta_label_fw2":"font-400","ff_2":"f_df","cta_label2_l":"1.5","mw_2":500,"cta_label2_mb":10,"btn_label":"","btn_color":"","text_align":"left","bg":"#ff4da9","bg_opacity":20}},"image_38Cych":{"type":"image","settings":{"image":"shopify:\/\/shop_images\/img-1-13.webp","link":"#","cta_label":"<p>Laura M.<\/p>","cta_label_c":"#ffffff","cta_label_n_xxl":20,"cta_label_n_xl":18,"cta_label_n_lg":16,"cta_label_n_md":16,"cta_label_n_sm":16,"cta_label_n_xs":16,"cta_label_fw":"font-700","ff_1":"f_pr","cta_label_l":"","cta_label_mb":20,"cta_label2":"<p>„Ich habe schon einige Shops ausprobiert, aber hier stimmt einfach das Gesamtpaket: die Liquids schmecken intensiv, die E-Zigaretten sind hochwertig und der Preis ist absolut fair. Besonders praktisch finde ich die Möglichkeit, Nikotinsalz-Liquids zu bestellen – ideal für mein Pod-System. Ich bestelle garantiert wieder.“<\/p>","cta_label2_c":"#ffffff","cta_label2_n_xxl":16,"cta_label2_n_xl":15,"cta_label2_n_lg":14,"cta_label2_n_md":13,"cta_label2_n_sm":12,"cta_label2_n_xs":11,"cta_label_fw2":"font-400","ff_2":"f_df","cta_label2_l":"1.5","mw_2":500,"cta_label2_mb":10,"btn_label":"","btn_color":"","text_align":"left","bg":"#ff4da9","bg_opacity":20}},"image_yf3Y6W":{"type":"image","settings":{"image":"shopify:\/\/shop_images\/img-1-15.webp","link":"#","cta_label":"<p>Daniel S.<\/p>","cta_label_c":"#ffffff","cta_label_n_xxl":20,"cta_label_n_xl":18,"cta_label_n_lg":16,"cta_label_n_md":16,"cta_label_n_sm":16,"cta_label_n_xs":16,"cta_label_fw":"font-700","ff_1":"f_pr","cta_label_l":"","cta_label_mb":20,"cta_label2":"<p>„Bei meiner ersten Bestellung hatte ich eine Frage zu den passenden Coils für mein Gerät. Der Support hat super schnell geantwortet und mir genau erklärt, welche Produkte passen. Das ist heute echt nicht selbstverständlich. Man merkt, dass hier Leute am Werk sind, die sich mit Dampfen wirklich auskennen.“<\/p>","cta_label2_c":"#ffffff","cta_label2_n_xxl":16,"cta_label2_n_xl":15,"cta_label2_n_lg":14,"cta_label2_n_md":13,"cta_label2_n_sm":12,"cta_label2_n_xs":11,"cta_label_fw2":"font-400","ff_2":"f_df","cta_label2_l":"1.5","mw_2":500,"cta_label2_mb":10,"btn_label":"","btn_color":"background-1","text_align":"left","bg":"#ff4da9","bg_opacity":20}},"image_t7x6en":{"type":"image","settings":{"image":"shopify:\/\/shop_images\/img-1-14.webp","link":"#","cta_label":"<p>Sophie L.<\/p>","cta_label_c":"#ffffff","cta_label_n_xxl":20,"cta_label_n_xl":18,"cta_label_n_lg":16,"cta_label_n_md":16,"cta_label_n_sm":16,"cta_label_n_xs":16,"cta_label_fw":"font-700","ff_1":"f_pr","cta_label_l":"","cta_label_mb":20,"cta_label2":"<p>„Ich dampfe seit über 5 Jahren und habe schon einiges ausprobiert. Dieser Shop hat mich komplett überzeugt: modernes Design, einfache Bedienung und vor allem transparente Infos zu Nikotingehalt und Zusammensetzung der Liquids. Genau das habe ich gesucht. Ich spare mir jetzt die Suche in zig anderen Shops und bleibe hier.“<\/p>","cta_label2_c":"#ffffff","cta_label2_n_xxl":16,"cta_label2_n_xl":15,"cta_label2_n_lg":14,"cta_label2_n_md":13,"cta_label2_n_sm":12,"cta_label2_n_xs":11,"cta_label_fw2":"font-400","ff_2":"f_df","cta_label2_l":"1.5","mw_2":500,"cta_label2_mb":10,"btn_label":"","btn_color":"background-1","text_align":"left","bg":"#ff4da9","bg_opacity":20}}},"block_order":["image_EJL333","image_pNNmrc","image_38Cych","image_yf3Y6W","image_t7x6en"],"settings":{"heading":"<p>Erfahrungen unserer Kunden<\/p>","heading_color":"#abca20","subheading":"<p>Vertraue auf die Meinung unserer Community: Hier findest du authentische Erfahrungen von Kunden, die bereits bei uns bestellt haben.<\/p>","subheading_color":"#f0f0f0","descheading":"","descheading_color":"#666666","subheading_position":"bottom","heading_alignment":"text-center","h_xxxl":650,"h_xxl":650,"h_xl":500,"h_lg":400,"bd_radius":24,"spacing":30,"spacing_1":false,"show_btn_arrow":false,"animate":true,"container":"container-fluid","background_color":"","bg_size":"full","class_section":"","px":0,"distance_top_xl":30,"distance_top_md":30,"distance_top_xs":30,"distance_bottom_xl":110,"distance_bottom_md":70,"distance_bottom_xs":30}},"nov_featured_product_QPkGp7":{"type":"nov-featured-product","blocks":{"text_dT9UBL":{"type":"text","settings":{"text":"<h2>GeekVape - Aegis Legend 3<\/h2>","tb_c":"","t_s":40,"t_s_lg":34,"t_s_md":28,"t_c":"#ffffff","c_link_h":"#000000","ff":"f_pr","t_fw":"font-700","t_tt":"none","t_lh":"1.5","t_lt":"0","t_m":500,"distance_bottom_xl":24,"distance_bottom_lg":24,"distance_bottom_md":24,"distance_bottom_xs":24}},"text_GhdPn8":{"type":"text","settings":{"text":"<p>Das <strong>GeekVape Aegis Legend 3 E-Zigaretten Set <\/strong>vereint unzerstörbare Robustheit mit purer 200-Watt-Power. IP68-zertifiziert übersteht es jeden Outdoor-Trip, während der Z Fli Clearomizer mit 5,5 ml Tank für endlose Dampf-Sessions sorgt.<\/p>","tb_c":"","t_s":16,"t_s_lg":13,"t_s_md":12,"t_c":"#d1d1d1","c_link_h":"#ff4da9","ff":"f_df","t_fw":"font-400","t_tt":"none","t_lh":"1.5","t_lt":"0","t_m":650,"distance_bottom_xl":24,"distance_bottom_lg":24,"distance_bottom_md":24,"distance_bottom_xs":24}},"btn_Ajcgbh":{"type":"btn","settings":{"btn":"Jetzt kaufen","btn_link":"shopify:\/\/products\/geekvape-aegis-legend-3-e-zigaretten-set","video_url":"","c_btn":"#ffffff","b_btn":"#222222","bd_btn":"#222222","c_btn_h":"#ffffff","b_btn_h":"#222222","bd_btn_h":"#222222","c_btn_video":"#ffffff","c_btn_video_h":"#222222","price":"59,95€","price_c":"linear-gradient(135deg, rgba(11, 40, 58, 1), rgba(58, 175, 107, 1) 40%, rgba(120, 191, 160, 1) 59%, rgba(120, 191, 160, 1) 74%, rgba(58, 175, 169, 1) 100%, rgba(11, 40, 58, 1) 100%)","compare_price":"","compare_price_c":"#d1d1d1","distance_bottom_xl":30,"distance_bottom_lg":30,"distance_bottom_md":30,"distance_bottom_xs":30}}},"block_order":["text_dT9UBL","text_GhdPn8","btn_Ajcgbh"],"settings":{"heading":"","heading_color":"#ffffff","subheading":"","subheading_color":"#ffffff","descheading":"","descheading_color":"#666666","subheading_position":"bottom","heading_alignment":"text-left","image":"shopify:\/\/shop_images\/Design_ohne_Titel_4.png","img_mw":500,"width_img":"col-lg-6","width_text":"col-lg-6","animate":true,"container":"container-fluid","background_color":"#17171a","height_background_xxl":100,"height_background_xl":100,"height_background_lg":100,"height_background_md":100,"height_background_sm":100,"height_background_xs":100,"corner_radius":25,"bg_position":"top","bg_size":"container","class":"","px":0,"distance_top_xl":30,"distance_top_md":30,"distance_top_xs":30,"distance_bottom_xl":30,"distance_bottom_lg":30,"distance_bottom_md":30,"distance_bottom_xs":30}},"nov_blog_jVhpQ3":{"type":"nov-blog","settings":{"heading":"<p>Dampf-Ratgeber<\/p>","heading_color":"#abca20","subheading":"<p>Entdecke Wissenswertes rund ums Thema Dampfen<\/p>","subheading_color":"#ffffff","descheading":"","descheading_color":"#132742","subheading_position":"bottom","heading_alignment":"text-center","show_view_all_blog":false,"blog":"dampf-ratgeber","xxl":4,"xl":3,"lg":2,"md":2,"sm":1,"row_number":1,"limit":8,"spacing":30,"item_corner_radius":24,"show_image":true,"blog_show_comments":false,"blog_show_author":false,"blog_show_date":true,"blog_show_excerpt":true,"show_redmore":true,"show_background":false,"show_dots":false,"c_dots":"#00341d","c_dots_a":"#ffffff","show_nav":true,"animate":true,"container":"container-fluid","color_section":"background-2","background_color":"rgba(0,0,0,0)","bg_size":"full","bg_pattern_position":"width: 20%; left: 0; top: 20%","class":"","px":0,"distance_top_xl":110,"distance_top_md":70,"distance_top_xs":30,"distance_bottom_xl":110,"distance_bottom_md":70,"distance_bottom_xs":30}},"custom_liquid_9GW3Wh":{"type":"custom-liquid","name":"Trennlinie","settings":{"custom_liquid":"<section class=\"mdw-divider\" role=\"presentation\" aria-hidden=\"true\">\n  <hr class=\"mdw-divider__line\" \/>\n<\/section>\n\n<style>\n  .mdw-divider {\n    margin: 0;\n    padding: 16px 0;\n    background: transparent;\n  }\n\n  .mdw-divider__line {\n    border: none;\n    height: 2px;\n    width: 100%;\n    max-width: 1200px;\n    margin: 0 auto;\n    background-color: #ABCA20; \/* euer Grün *\/\n  }\n<\/style>","custom_css":"","custom_js":"","full_width":false,"pad_top":64,"pad_bottom":0,"bg_color":"rgba(0,0,0,0)"}},"custom_liquid_RRzwr6":{"type":"custom-liquid","name":"Custom Liquid Pro","settings":{"custom_liquid":"<section id=\"seo-dampfwelt\" class=\"seo-dampfwelt\">\n  <div class=\"seo-wrap\">\n    <h2>Dein professioneller E-Zigaretten Shop für Einsteiger und erfahrene Dampfer<\/h2>\n    <p>\n      Unser Angebot umfasst eine breite Palette an Produkten, die speziell darauf ausgerichtet sind, jedem Nutzer – vom Neueinsteiger bis zum erfahrenen Vaper – das ideale Dampferlebnis zu ermöglichen. \n      Unser Sortiment ist sorgfältig zusammengestellt und bietet Produkte für jede Erfahrungsstufe:\n    <\/p>\n    <ul class=\"benefits-list\">\n      <li><strong>Startersets:<\/strong> Ideal für Neulinge, einfach in der Handhabung und Wartung. Diese Kits bieten alles, was du brauchst, um direkt starten zu können.<\/li>\n      <li><strong>Akkuträger und Mods:<\/strong> Für individuelle Anpassungen und ein intensiveres Dampferlebnis. Perfekt für Dampfer, die ihr Setup personalisieren möchten.<\/li>\n      <li><strong>Verdampferköpfe:<\/strong> Entwickelt für optimale Aromaentfaltung und Dampfproduktion. Sorgt für reinen Geschmack und ist mit vielen Geräten kompatibel.<\/li>\n    <\/ul>\n    <p>\n      Wir unterstützen dich bei jedem Schritt – vom Auswählen des richtigen Produkts bis hin zur optimalen Nutzung deiner E-Zigarette. \n      Entdecke jetzt die große Vielfalt in unserem Online Shop!\n    <\/p>\n\n    <h3>Liquids für E-Zigaretten: Entdecke eine Welt voller Geschmack<\/h3>\n    <p>\n      In unserem Liquid Online Shop findest du eine vielfältige Auswahl an E-Liquids, die von traditionellen Tabakgeschmäcken bis zu kreativen Frucht- und Dessertvarianten reichen. \n      Wir bieten Liquids sowohl mit als auch ohne Nikotin an, inklusive Nikotinsalz-Optionen. Unsere Premium-Liquids überzeugen durch außergewöhnliche Reinheit und intensive Geschmacksentfaltung.\n    <\/p>\n    <ul class=\"benefits-list\">\n      <li><strong>Klassische &amp; neue Geschmacksrichtungen:<\/strong> Von Tabaknoten bis zu experimentellen Dessert- und Fruchtaromen.<\/li>\n      <li><strong>Optionen für Selbstmischer:<\/strong> Basen und Nikotinshots für individuelle Kreationen.<\/li>\n      <li><strong>Hohe Qualitätsstandards:<\/strong> Produziert mit Zutaten führender Hersteller – gleichbleibend hohe Qualität garantiert.<\/li>\n    <\/ul>\n    <p>Starte mit einem unserer exquisiten Liquids und erlebe die geschmackliche Vielfalt bei jedem Zug!<\/p>\n\n    <h3>E-Zigaretten Aromen: Personalisiere dein Vaping-Erlebnis<\/h3>\n    <p>\n      Bei MeineDampfwelt findest du ein einzigartiges Aromen-Spektrum, das weit über Standardangebote hinausgeht. \n      Gestalte dein individuelles Geschmacksprofil mit unserer großen Auswahl:\n    <\/p>\n    <ul class=\"benefits-list\">\n      <li><strong>Vielfältige Auswahl:<\/strong> Von klassischen bis exotischen Geschmacksrichtungen.<\/li>\n      <li><strong>Kombinationsmöglichkeiten:<\/strong> Mische mit Basen &amp; Nikotinshots deine gewünschte Intensität.<\/li>\n      <li><strong>Qualität &amp; Reinheit:<\/strong> Nur Aromen von renommierten Herstellern, streng kontrolliert.<\/li>\n    <\/ul>\n    <p>Kreiere dein perfektes Vaping-Erlebnis – mit erstklassigen Aromen von MeineDampfwelt!<\/p>\n\n    <h3>Unser Angebot an E-Zigaretten der besten Hersteller<\/h3>\n    <p>\n      Bei MeineDampfwelt legen wir Wert auf die beste Auswahl an Produkten rund um Dampfen, E-Zigaretten und Liquids. \n      In unserem Shop findest du nur zuverlässige Produkte bekannter Hersteller:\n    <\/p>\n    <ul class=\"brand-list\">\n      <li><a href=\"\/collections\/elfbar\">Elfbar<\/a><\/li>\n      <li><a href=\"\/collections\/uwell\">Uwell<\/a><\/li>\n      <li><a href=\"\/collections\/geekvape\">GeekVape<\/a><\/li>\n      <li><a href=\"\/collections\/voopoo\">VooPoo<\/a><\/li>\n      <li><a href=\"\/collections\/vaporesso\">Vaporesso<\/a><\/li>\n      <li><a href=\"\/collections\/aspire\">Aspire<\/a><\/li>\n      <li>... sowie Vampire Vape, Bad Candy Liquids und viele weitere.<\/li>\n    <\/ul>\n\n    <h3>Umfassender Service &amp; kompetente Beratung<\/h3>\n    <p>\n      Unser Kundenservice zeichnet sich durch Schnelligkeit und Zuverlässigkeit aus. \n      Wir bieten schnelle Lieferzeiten und eine Vielzahl sicherer Zahlungsoptionen. \n      Unser erfahrenes Team berät dich kompetent und unterstützt dich bei allen Fragen.\n    <\/p>\n    <p>\n      Für mehr Infos besuche unsere <a href=\"\/pages\/kontakt\">Kontaktseite<\/a> oder unser <a href=\"\/pages\/dampfer-lexikon\">Dampfer Lexikon<\/a>. \n      Entdecke die Welt der E-Zigaretten mit einem Partner, der exzellenten Service und Kundenzufriedenheit großschreibt!\n    <\/p>\n\n    <h3>Warum MeineDampfwelt dein bevorzugter E-Zigaretten Shop ist<\/h3>\n    <ul class=\"benefits-list\">\n      <li><strong>Vielfältiges Produktangebot:<\/strong> Von Einsteiger-Sets bis hin zu Profi-Systemen.<\/li>\n      <li><strong>Exklusive Markenprodukte:<\/strong> Auswahl führender Marken wie VooPoo, Vaporesso und Aspire.<\/li>\n      <li><strong>Perfektes Dampferlebnis:<\/strong> Alles, was du brauchst – von Starterkits bis zu präzisen Vape-Systemen.<\/li>\n    <\/ul>\n    <p>\n      Überzeuge dich selbst von unserem umfassenden Sortiment und erlebe ein Dampferlebnis in höchster Qualität – nur bei MeineDampfwelt!\n    <\/p>\n  <\/div>\n<\/section>","custom_css":"#seo-dampfwelt .seo-wrap{\n  column-count: 1;\n  column-gap: 48px;\n  column-rule: 0;\n  orphans: 3;\n  widows: 3;\n  color: #fff;\n  --mdw-link: #ABCA20;\n}\n\n@media (min-width: 992px){\n  #seo-dampfwelt .seo-wrap{ column-count: 2; }\n}\n\n#seo-dampfwelt .seo-wrap h2,\n#seo-dampfwelt .seo-wrap h3,\n#seo-dampfwelt .seo-wrap p,\n#seo-dampfwelt .seo-wrap ul,\n#seo-dampfwelt .seo-wrap ol,\n#seo-dampfwelt .seo-wrap li{\n  break-inside: avoid;\n  -webkit-column-break-inside: avoid;\n  page-break-inside: avoid;\n}\n\n#seo-dampfwelt .seo-wrap h2,\n#seo-dampfwelt .seo-wrap h3{ margin: 0 0 12px; }\n#seo-dampfwelt .seo-wrap p{ margin: 0 0 14px; }\n#seo-dampfwelt .seo-wrap ul,\n#seo-dampfwelt .seo-wrap ol{ margin: 0 0 16px 1.2em; padding: 0; }\n\n#seo-dampfwelt .seo-wrap a{\n  color: var(--mdw-link);\n  text-decoration: underline;\n}\n\n#seo-dampfwelt .seo-wrap a:hover,\n#seo-dampfwelt .seo-wrap a:focus{\n  text-decoration: none;\n}\n\n#seo-dampfwelt .seo-wrap a:focus-visible{\n  outline: 2px solid currentColor;\n  outline-offset: 2px;\n}","custom_js":"","full_width":false,"pad_top":40,"pad_bottom":40,"bg_color":"rgba(0,0,0,0)"}}},"order":["nov_slideshow_GyxUQY","nov_image_slider_rTKkcJ","nov_policy_rqxwFG","nov_gallery_image_4UcUgD","nov_products_slider_PYEHkD","nov_products_slider_WDrCEW","nov_countdown_trN9UM","nov_collection_tabs_k7Wzpe","nov_manufacture_h73gAY","custom_liquid_xL4CBt","nov_video_TkcNzB","nov_image_split_7TpUi4","nov_featured_product_QPkGp7","nov_blog_jVhpQ3","custom_liquid_9GW3Wh","custom_liquid_RRzwr6"]}