{"sections":{"main":{"type":"nov-page","custom_css":[".breadcrumb_inner {display: none;}"],"settings":{}},"custom_liquid_cyM4Pf":{"type":"custom-liquid","disabled":true,"name":"Custom Liquid Pro","settings":{"custom_liquid":"<!DOCTYPE html>\n<html lang=\"de\">\n<head>\n<meta charset=\"utf-8\" \/>\n<meta name=\"viewport\" content=\"width=device-width,initial-scale=1\" \/>\n<title>Mach meine Dampfwelt zu deiner Dampfwelt<\/title>\n\n<style>\n  :root{\n    --bg:#fff;\n    --text:#121417;\n    --muted:#667085;\n    --brand:#badd2c;     \/* Grün *\/\n    --brand-2:#0a2235;   \/* Blau *\/\n    --line:#e9eef3;\n    --radius:14px;\n  }\n\n  \/* Base *\/\n  *{box-sizing:border-box}\n  body{\n    margin:0;\n    font-family: Inter, ui-sans-serif, system-ui, -apple-system, \"Segoe UI\",\n                 Roboto, Helvetica, Arial, \"Apple Color Emoji\",\"Segoe UI Emoji\";\n    color:var(--text);\n    background:var(--bg);\n    line-height:1.65;\n    letter-spacing:.2px;\n  }\n  a{color:var(--brand-2);text-decoration:none}\n  a:hover{opacity:.9}\n\n  \/* Wrapper *\/\n  .wrap{\n    max-width:980px;\n    margin:auto;\n    padding:clamp(20px,3vw,40px);\n  }\n\n  \/* Subtle page accents (keeps white background) *\/\n  .wrap::before,\n  .wrap::after{\n    content:\"\";\n    position:fixed;\n    pointer-events:none;\n    z-index:-1;\n    width:34rem;height:34rem;filter:blur(90px);opacity:.28;\n  }\n  .wrap::before{\n    left:-10%; top:-8%;\n    background:radial-gradient(closest-side, rgba(186,221,44,.35), transparent 70%);\n  }\n  .wrap::after{\n    right:-12%; bottom:-12%;\n    background:radial-gradient(closest-side, rgba(10,34,53,.20), transparent 70%);\n  }\n\n  \/* Hero, ohne Karte *\/\n  .eyebrow{\n    display:inline-flex; align-items:center; gap:10px;\n    padding:6px 12px;\n    border-radius:999px;\n    border:1px solid var(--line);\n    background:#fff;\n    font-size:.85rem;\n    color:var(--muted);\n  }\n  .dot{\n    width:10px;height:10px;border-radius:50%;\n    background:conic-gradient(var(--brand),var(--brand-2),var(--brand));\n  }\n  h1{\n    margin:14px 0 8px;\n    line-height:1.12;\n    font-size:clamp(28px,4.2vw,44px);\n    font-weight:800;\n    letter-spacing:.2px;\n  }\n  .accent{\n    background: linear-gradient(90deg,var(--brand),var(--brand-2));\n    -webkit-background-clip:text;\n    background-clip:text;\n    color:transparent;\n  }\n  .lead{\n    color:var(--muted);\n    margin:6px 0 0;\n    font-size:clamp(15px,1.5vw,17px);\n  }\n\n  \/* Sections – flach, nur typografisch + Trenner *\/\n  .section{\n    padding: clamp(18px,2.6vw,28px) 0;\n  }\n  .section + .section{border-top:1px solid var(--line)}\n  .section-title{\n    font-size:clamp(20px,2.2vw,26px);\n    line-height:1.25;\n    margin:0 0 12px;\n    font-weight:750;\n    letter-spacing:.1px;\n  }\n  .soft-rule{\n    height:4px;\n    width:100%;\n    border-radius:999px;\n    background:linear-gradient(90deg, rgba(186,221,44,.5), rgba(10,34,53,.5));\n    opacity:.35;\n    margin:8px 0 18px;\n  }\n\n  \/* Fancy list bullets ohne Box *\/\n  .fancy-list{list-style:none;margin:0;padding:0;display:grid;gap:10px}\n  .fancy-list li{\n    position:relative;\n    padding-left:38px;\n  }\n  .fancy-list li::before{\n    content:\"\";\n    position:absolute; left:0; top:.55em;\n    width:18px;height:18px;border-radius:50%;\n    background: radial-gradient(circle at 35% 35%, var(--brand) 0%, var(--brand-2) 85%);\n    box-shadow: 0 0 0 3px #fff;\n  }\n\n  \/* CTA – breiter Gradient-Streifen (ohne Karte) *\/\n  .cta{\n    margin-top: clamp(8px,2vw,16px);\n    padding: clamp(16px,2.4vw,22px);\n    border-radius: var(--radius);\n    background: linear-gradient(90deg, rgba(186,221,44,.25), rgba(10,34,53,.25));\n    border:1px solid var(--line);\n    display:flex; align-items:center; justify-content:space-between; gap:16px; flex-wrap:wrap;\n  }\n  .cta h3{margin:0; font-size:clamp(18px,2vw,22px)}\n  .btn{\n    display:inline-flex; align-items:center; gap:10px;\n    padding:12px 18px;\n    border-radius:12px;\n    border:1px solid var(--line);\n    background:#fff;\n    color:var(--brand-2);\n    font-weight:700;\n    white-space:nowrap;\n    transition:.18s ease;\n    text-decoration:none;\n  }\n  .btn:hover{transform:translateY(-2px)}\n  .spark{width:16px;height:16px;border-radius:50%;background:radial-gradient(circle,var(--brand) 20%, var(--brand-2) 80%)}\n\n  \/* Small helpers *\/\n  .note{color:var(--muted);font-size:.96rem}\n<\/style>\n<\/head>\n<body>\n  <main class=\"wrap\">\n\n    <!-- HERO -->\n    <header class=\"section\" aria-labelledby=\"hero-heading\">\n      <span class=\"eyebrow\"><span class=\"dot\" aria-hidden=\"true\"><\/span>Erhalte 10% auf deine nächste Bestellung<\/span>\n      <h1 id=\"hero-heading\">Mach <span class=\"accent\">meineDampfwelt.de<\/span> zu <span class=\"accent\">deiner<\/span> Dampfwelt!<\/h1>\n      <p class=\"lead\">\n        Wir möchten unseren Shop bestmöglich für dich gestalten. Teile Fehler, Wünsche oder Ideen –\n        und erhalte dafür einen 10%-Rabattcode.\n      <\/p>\n    <\/header>\n\n    <!-- FRAGEN -->\n    <section class=\"section\" aria-labelledby=\"fragen\">\n      <h2 class=\"section-title\" id=\"fragen\">Wie möchtest du uns Verbessern?<\/h2>\n      <div class=\"soft-rule\" aria-hidden=\"true\"><\/div>\n      <ul class=\"fancy-list\">\n        <li>Du findest einen Technischer Fehler?<\/li>\n        <li>Du würdest gerne etwas anders gestalten?<\/li>\n        <li>Du findest ein Produkt nicht, das du gerne hättest?<\/li>\n        <li>Dir fehlt eine Funktion?<\/li>\n        <li>Oder ist es die Optik?<\/li>\n      <\/ul>\n    <\/section>\n\n    <!-- HOWTO -->\n    <section class=\"section\" aria-labelledby=\"howto\">\n      <h2 class=\"section-title\" id=\"howto\">Wie funktioniert es?<\/h2>\n      <div class=\"soft-rule\" aria-hidden=\"true\"><\/div>\n      <p>\n        Sende uns deine Nachricht über das <a href=\"\/pages\/kontakt\">Kontaktformular<\/a>.\nSchreib uns einfach eine Nachricht mit deinem technischen Fehler oder Verbesserungsvorschlag in unserem Kontaktformular mit dem Betreff: \"Mach meine Dampfwelt zu deiner Dampfwelt!\". Wir prüfen jede Nachricht, nehmen sie in unsere Ideensammlung auf und schicken dir daraufhin einen Gutscheincode mit 10% Rabatt auf deinen nächsten Einkauf. \n<br><br>\nFür jeden konstruktiven Vorschlag versenden wir sofort einen Gutschein, auch wenn sich letztendlich herausstellt, dass dieser z.B. aus techischen Gründen nicht machbar ist. Um Missbrauch auszuschließen versenden wir deinen Gutschein nach Prüfung deiner Nachricht. Dies kann bis zu 24 Stunden dauern. Die Vorschläge werden von uns zuerst nur gesammlt und dann nach und nach im Detail analysiert und bearbeitet. Wir bitten um Verständis, dass die Umsetzung der Ideensammlung etwas Zeit im Entwicklungsprozess beansprucht. Ausserdem behalten wir uns vor, nicht jede Idee umzusetzen, da dies leider nicht immer möglich ist.\n      <\/p>\n\n      <div class=\"note\" style=\"margin-top:10px\">\n        Gutscheine werden nach Prüfung versendet (bis zu 24h). Vorschläge sammeln wir und setzen sie schrittweise um.\n      <\/div>\n\n      <div class=\"cta\" role=\"region\" aria-label=\"Call To Action\">\n        <h3>Deine Meinung zählt – jetzt Vorschlag senden!<\/h3>\n        <a class=\"btn\" href=\"\/pages\/kontakt\">\n          <span class=\"spark\" aria-hidden=\"true\"><\/span>\n          Zum Kontaktformular\n        <\/a>\n      <\/div>\n    <\/section>\n\n  <\/main>\n<\/body>\n<\/html>","custom_css":"\/* Eigene CSS-Regeln hier einfügen *\/","custom_js":"\/\/ Eigene JS-Skripte hier einfügen","full_width":true,"pad_top":8,"pad_bottom":0,"bg_color":"rgba(0,0,0,0)"}},"custom_liquid_gHK7JL":{"type":"custom-liquid","name":"Custom Liquid Pro","settings":{"custom_liquid":"<section class=\"mdw-page mdw-your-dw\">\n  <div class=\"mdw-container\">\n\n    <!-- Hero -->\n    <header class=\"mdw-hero\">\n      <h1>Mach meineDampfwelt.de zu deiner Dampfwelt!<\/h1>\n      <p>Teile Fehler, Wünsche oder Ideen – und erhalte dafür einen <strong>10&nbsp;% Rabattcode<\/strong> auf deinen nächsten Einkauf.<\/p>\n    <\/header>\n\n    <div class=\"mdw-layout mdw-layout--single\">\n      <!-- Inhalt -->\n      <main class=\"mdw-content\">\n        <!-- Highlight -->\n        <section class=\"mdw-card mdw-highlight\">\n          <h2>Werde Teil der Weiterentwicklung<\/h2>\n          <p>Dein Feedback hilft uns, den Shop bestmöglich für dich zu gestalten. Für jeden konstruktiven Vorschlag schicken wir dir nach kurzer Prüfung einen <strong>Gutschein über 10&nbsp;%<\/strong> zu.<\/p>\n          <div class=\"mdw-cta-row\">\n            <a class=\"mdw-btn mdw-btn--brand\" href=\"\/pages\/kontaktformular\">Zum Kontaktformular<\/a>\n            <a class=\"mdw-btn mdw-btn--ghost\" href=\"\/pages\/kontakt\">Hilfe &amp; Kontakt<\/a>\n          <\/div>\n        <\/section>\n\n        <!-- Was verbessern -->\n        <section class=\"mdw-card\">\n          <h2>Wie möchtest du uns verbessern?<\/h2>\n          <ul class=\"mdw-list\">\n            <li>Du findest einen <strong>technischen Fehler<\/strong>?<\/li>\n            <li>Du würdest gerne <strong>etwas anders gestalten<\/strong>?<\/li>\n            <li>Du findest ein <strong>Produkt nicht<\/strong>, das du gerne hättest?<\/li>\n            <li>Dir fehlt eine <strong>Funktion<\/strong>?<\/li>\n            <li>Oder ist es die <strong>Optik<\/strong>?<\/li>\n          <\/ul>\n        <\/section>\n\n        <!-- Ablauf -->\n        <section class=\"mdw-card\">\n          <h2>Wie funktioniert es?<\/h2>\n          <ol class=\"mdw-steps\">\n            <li>\n              <strong>Kontakt aufnehmen:<\/strong> Schreib uns deinen technischen Fehler oder Verbesserungsvorschlag\n              über das <a class=\"mdw-link-brand\" href=\"\/pages\/kontaktformular\">Kontaktformular<\/a> mit dem Betreff:\n              <em>„Mach meine Dampfwelt zu deiner Dampfwelt!“<\/em>\n            <\/li>\n            <li>\n              <strong>Prüfung:<\/strong> Wir sichten jede Nachricht, nehmen sie in unsere Ideensammlung auf\n              und beurteilen Umsetzbarkeit und Priorität.\n            <\/li>\n            <li>\n              <strong>Belohnung:<\/strong> Du erhältst anschließend deinen <strong>10 % Gutscheincode<\/strong> per E-Mail.\n            <\/li>\n          <\/ol>\n\n          <div class=\"mdw-note\">\n            <div class=\"mdw-note__icon\" aria-hidden=\"true\">⏱️<\/div>\n            <div class=\"mdw-note__body\">\n              <strong>Hinweis:<\/strong> Um Missbrauch auszuschließen, versenden wir deinen Gutschein nach Prüfung deiner Nachricht.\n              Das kann bis zu <strong>24&nbsp;Stunden<\/strong> dauern.\n            <\/div>\n          <\/div>\n        <\/section>\n\n        <!-- Transparenz -->\n        <section class=\"mdw-card\">\n          <h2>Transparenz &amp; Ablauf der Umsetzung<\/h2>\n          <p>Wir sammeln alle Vorschläge und analysieren sie schrittweise im Detail. Bitte hab Verständnis, dass die Umsetzung\n            im Entwicklungsprozess Zeit benötigt und nicht jede Idee realisiert werden kann – wir geben unser Bestes, die\n            wirkungsvollsten Verbesserungen zuerst umzusetzen.<\/p>\n          <ul class=\"mdw-bullets\">\n            <li>Gutscheine werden <strong>nach Prüfung<\/strong> versendet (bis zu 24 h).<\/li>\n            <li>Vorschläge werden gesammelt und <strong>schrittweise umgesetzt<\/strong>.<\/li>\n            <li>Auch wenn etwas technisch nicht machbar ist, erhältst du für den konstruktiven Vorschlag deinen Gutschein.<\/li>\n          <\/ul>\n        <\/section>\n\n        <!-- CTA unten -->\n        <section class=\"mdw-card mdw-cta-bottom\">\n          <h2>Jetzt Idee einsenden &amp; 10 % sichern<\/h2>\n          <p>Betreff im Formular: <em>„Mach meine Dampfwelt zu deiner Dampfwelt!“<\/em><\/p>\n          <a class=\"mdw-btn mdw-btn--brand mdw-btn--lg\" href=\"\/pages\/kontaktformular\">Idee übermitteln<\/a>\n        <\/section>\n      <\/main>\n    <\/div>\n  <\/div>\n<\/section>\n\n<style>\n@import url(\"https:\/\/fonts.googleapis.com\/css2?family=Orbitron:wght@600;700;800&family=Poppins:wght@400;500;600;700&display=swap\");\n\n\/* Theme Tokens *\/\n.mdw-your-dw {\n  --mdw-brand:#ABCA20;\n  --mdw-bg:#17171A;\n  --mdw-card:#1C1D22;\n  --mdw-text:#E9EDF3;\n  --mdw-sub:#9AA3B2;\n  --mdw-border:#2A2D33;\n}\n\n\/* Base *\/\n.mdw-your-dw {\n  background: var(--mdw-bg);\n  color: var(--mdw-text);\n  padding: clamp(24px, 4vw, 56px) 0;\n  font-family: \"Poppins\", system-ui, -apple-system, \"Segoe UI\", Roboto, Arial, sans-serif;\n}\n.mdw-your-dw * { font-family: inherit; }\n.mdw-your-dw h1, .mdw-your-dw h2, .mdw-your-dw h3 {\n  font-family: \"Orbitron\", ui-sans-serif, system-ui, -apple-system, \"Segoe UI\", Roboto, Arial, sans-serif;\n}\n\n.mdw-container{ width:min(1100px,92vw); margin:0 auto; }\n.mdw-hero{ margin-bottom:28px; }\n.mdw-hero h1{ font-size: clamp(28px,3.2vw,40px); line-height:1.08; margin:0 0 8px; letter-spacing:.02em; }\n.mdw-hero p{ color: var(--mdw-sub); margin:0; }\n\n\/* Layout: single column (FAQ entfernt) *\/\n.mdw-layout--single{ display:grid; grid-template-columns: 1fr; }\n.mdw-content{ display:grid; gap: 16px; }\n\n\/* Cards & Buttons *\/\n.mdw-card{\n  background: var(--mdw-card);\n  border: 1px solid var(--mdw-border);\n  border-radius: 16px;\n  padding: clamp(16px, 2.4vw, 22px);\n}\n.mdw-card h2{ font-size: clamp(18px, 2.2vw, 22px); margin: 0 0 8px; }\n\n.mdw-highlight{\n  border-color: rgba(171,202,32,.45);\n  box-shadow: 0 0 0 1px rgba(171,202,32,.22), 0 8px 22px rgba(0,0,0,.25);\n}\n\n.mdw-cta-row{ display:flex; gap:10px; flex-wrap:wrap; margin-top:10px; }\n.mdw-btn{\n  display:inline-flex; align-items:center; justify-content:center;\n  padding: 12px 16px; border-radius: 10px; text-decoration:none !important;\n  font-weight: 700; letter-spacing:.01em; border:1px solid rgba(255,255,255,.08);\n  transition: transform .15s ease, box-shadow .2s ease, background .2s ease, color .2s ease;\n}\n.mdw-btn--brand{ background: var(--mdw-brand); color: #0E1406; border-color: rgba(0,0,0,.15); }\n.mdw-btn--brand:hover{ transform: translateY(-1px); box-shadow: 0 10px 20px rgba(171,202,32,.25); color:#fff; } \/* Text auf weiß beim Hover *\/\n.mdw-btn--ghost{ background: transparent; color: var(--mdw-text); }\n.mdw-btn--ghost:hover{ background: rgba(255,255,255,.06); }\n.mdw-btn--lg{ padding: 14px 20px; font-size: 16px; border-radius: 12px; }\n\n\/* Listen & Steps *\/\n.mdw-list{ list-style:none; padding:0; margin: 6px 0 0; }\n.mdw-list li{\n  position:relative; padding-left:28px; margin:8px 0; color: var(--mdw-text);\n}\n.mdw-list li::before{\n  content:\"\"; position:absolute; left:0; top:.35em; width:18px; height:18px; border-radius:6px;\n  background: linear-gradient(180deg, var(--mdw-brand), #92b400);\n  mask: url('data:image\/svg+xml;utf8,<svg xmlns=\"http:\/\/www.w3.org\/2000\/svg\" fill=\"%23000\" viewBox=\"0 0 24 24\"><path d=\"M20.285 6.709a1 1 0 0 1 0 1.414l-9.19 9.19a1 1 0 0 1-1.414 0L3.715 12.55a1 1 0 1 1 1.414-1.414l5.142 5.142 8.483-8.483a1 1 0 0 1 1.531-.086z\"\/><\/svg>') center \/ 70% 70% no-repeat;\n}\n\n.mdw-steps{ counter-reset: step; margin: 8px 0 0; padding: 0 0 0 2px; }\n.mdw-steps li{\n  list-style:none; position:relative; padding-left:36px; margin:10px 0; line-height:1.6;\n}\n.mdw-steps li::before{\n  counter-increment: step; content: counter(step);\n  position:absolute; left:0; top:.2em; width:24px; height:24px; border-radius:8px;\n  background: rgba(171,202,32,.14); border:1px solid rgba(171,202,32,.35);\n  color: var(--mdw-text); font-weight:700; display:inline-flex; align-items:center; justify-content:center;\n}\n\n\/* Note *\/\n.mdw-note{\n  display:flex; gap:10px; align-items:flex-start;\n  padding:12px 14px; border-radius:12px;\n  background: rgba(255,255,255,.03);\n  border:1px dashed var(--mdw-border);\n  color: var(--mdw-text); margin-top: 10px;\n}\n.mdw-note__icon{ opacity:.9; line-height:1; }\n\n\/* Grüner Link nur für das Wort \"Kontaktformular\" in Schritt 1 *\/\n.mdw-link-brand{ color: var(--mdw-brand) !important; text-decoration: underline; text-underline-offset: 2px; font-weight: 600; }\n<\/style>\n\n<script type=\"application\/ld+json\">\n{\n  \"@context\":\"https:\/\/schema.org\",\n  \"@type\":\"HowTo\",\n  \"name\":\"Mach meineDampfwelt.de zu deiner Dampfwelt\",\n  \"description\":\"Teile Fehler, Wünsche oder Ideen und erhalte dafür einen 10%-Rabattcode.\",\n  \"step\":[\n    {\"@type\":\"HowToStep\",\"name\":\"Kontakt aufnehmen\",\"text\":\"Schreibe uns deinen technischen Fehler oder Verbesserungsvorschlag mit dem Betreff „Mach meine Dampfwelt zu deiner Dampfwelt!“ über das Kontaktformular.\"},\n    {\"@type\":\"HowToStep\",\"name\":\"Prüfung\",\"text\":\"Wir sichten jede Nachricht, nehmen sie in die Ideensammlung auf und beurteilen Umsetzbarkeit und Priorität.\"},\n    {\"@type\":\"HowToStep\",\"name\":\"Gutschein erhalten\",\"text\":\"Nach der Prüfung senden wir dir deinen 10%-Gutscheincode per E-Mail (in der Regel innerhalb von 24 Stunden).\"}\n  ]\n}\n<\/script>","custom_css":"\/* Eigene CSS-Regeln hier einfügen *\/","custom_js":"\/\/ Eigene JS-Skripte hier einfügen","full_width":true,"pad_top":0,"pad_bottom":0,"bg_color":"rgba(0,0,0,0)"}}},"order":["main","custom_liquid_cyM4Pf","custom_liquid_gHK7JL"]}