{"sections":{"main":{"type":"nov-page","disabled":true,"settings":{}},"custom_liquid_6p7G84":{"type":"custom-liquid","name":"Custom Liquid Pro","settings":{"custom_liquid":"<section class=\"mdw-page mdw-batt\">\n  <div class=\"mdw-container\">\n    <header class=\"mdw-hero\">\n      <h1>Batteriegesetzhinweise<\/h1>\n      <p>Hinweise zur Rücknahme, Entsorgung und Kennzeichnung von Altbatterien gemäß BattG.<\/p>\n\n      <!-- Einleitender Volltext -->\n      <div class=\"mdw-legal mdw-legal--intro\">\n        <h3>Hinweis zur Entsorgung von Altbatterien<\/h3>\n        <p>\n          Der nachfolgende Hinweis richtet sich an diejenigen, die Batterien oder Produkte mit eingebauten Batterien nutzen\n          und in der an sie gelieferten Form nicht mehr weiterveräußern (Endnutzer):\n        <\/p>\n      <\/div>\n    <\/header>\n\n    <main class=\"mdw-content\">\n\n      <!-- 1) Unentgeltliche Rücknahme -->\n      <section class=\"mdw-card\" id=\"ruecknahme\">\n        <h2>1. Unentgeltliche Rücknahme von Altbatterien<\/h2>\n        <p>\n          Batterien dürfen <strong>nicht über den Hausmüll<\/strong> entsorgt werden. Sie sind gesetzlich verpflichtet,\n          Altbatterien zurückzugeben, damit eine fachgerechte Entsorgung gewährleistet ist.\n        <\/p>\n        <ul class=\"mdw-list\">\n          <li>Abgabe an einer <strong>kommunalen Sammelstelle<\/strong> oder im <strong>Handel vor Ort<\/strong> möglich.<\/li>\n          <li>Auch wir nehmen Altbatterien unentgeltlich zurück – beschränkt auf Batterietypen, die wir führen\/geführt haben.<\/li>\n          <li>Sie können Altbatterien ausreichend frankiert an uns senden oder <strong>direkt an unserem Versandlager<\/strong>\n              unter der im Impressum genannten Adresse abgeben.<\/li>\n        <\/ul>\n\n        <!-- Volltext -->\n        <div class=\"mdw-legal\">\n          <h3>Details zur Regelung<\/h3>\n          <p>\n            Batterien dürfen nicht über den Hausmüll entsorgt werden. Sie sind zur Rückgabe von Altbatterien gesetzlich verpflichtet,\n            damit eine fachgerechte Entsorgung gewährleistet werden kann. Sie können Altbatterien an einer kommunalen Sammelstelle\n            oder im Handel vor Ort abgeben. Auch wir sind als Vertreiber von Batterien zur Rücknahme von Altbatterien verpflichtet,\n            wobei sich unsere Rücknahmeverpflichtung auf Altbatterien der Art beschränkt, die wir als Neubatterien in unserem Sortiment\n            führen oder geführt haben. Altbatterien vorgenannter Art können Sie daher entweder ausreichend frankiert an uns zurücksenden\n            oder sie direkt an unserem Versandlager unter der im Impressum genannten Adresse unentgeltlich abgeben.\n          <\/p>\n        <\/div>\n      <\/section>\n\n      <!-- 2) Bedeutung der Batteriesymbole -->\n      <section class=\"mdw-card\" id=\"symbole\">\n        <h2>2. Bedeutung der Batteriesymbole<\/h2>\n\n        <div class=\"mdw-note mdw-note--row\">\n          <div class=\"mdw-icon-bin\" aria-hidden=\"true\" title=\"Durchgestrichene Mülltonne\"><\/div>\n          <div>\n            <p>\n              Batterien sind mit dem Symbol der <strong>durchgestrichenen Mülltonne<\/strong> gekennzeichnet. Es weist darauf hin,\n              dass Batterien <strong>nicht in den Hausmüll<\/strong> gegeben werden dürfen.\n            <\/p>\n          <\/div>\n        <\/div>\n\n        <p>\n          Enthält eine Batterie mehr als <strong>0,0005&nbsp;% Quecksilber (Hg)<\/strong>, mehr als\n          <strong>0,002&nbsp;% Cadmium (Cd)<\/strong> oder mehr als <strong>0,004&nbsp;% Blei (Pb)<\/strong>, steht die entsprechende\n          chemische Bezeichnung unter dem Mülltonnen-Symbol.\n        <\/p>\n\n        <div class=\"mdw-badges\">\n          <span class=\"mdw-badge\"><span class=\"mdw-heavy\">Hg<\/span> = Quecksilber<\/span>\n          <span class=\"mdw-badge\"><span class=\"mdw-heavy\">Cd<\/span> = Cadmium<\/span>\n          <span class=\"mdw-badge\"><span class=\"mdw-heavy\">Pb<\/span> = Blei<\/span>\n        <\/div>\n\n        <!-- Volltext -->\n        <div class=\"mdw-legal\">\n          <h3>Details zur Regelung<\/h3>\n          <p>\n            Batterien sind mit dem Symbol einer durchgekreuzten Mülltonne gekennzeichnet. Dieses Symbol weist darauf hin,\n            dass Batterien nicht in den Hausmüll gegeben werden dürfen. Bei Batterien, die mehr als 0,0005 Masseprozent\n            Quecksilber, mehr als 0,002 Masseprozent Cadmium oder mehr als 0,004 Masseprozent Blei enthalten, befindet sich\n            unter dem Mülltonnen-Symbol die chemische Bezeichnung des jeweils eingesetzten Schadstoffes – dabei steht\n            „Cd“ für Cadmium, „Pb“ steht für Blei, und „Hg“ für Quecksilber.\n          <\/p>\n        <\/div>\n      <\/section>\n\n      <!-- 3) Fahrzeugbatterien & Pfand -->\n      <section class=\"mdw-card\" id=\"fahrzeugbatterien\">\n        <h2>3. Fahrzeugbatterien (Pfandregelung)<\/h2>\n        <p>\n          Beim Verkauf von <strong>Fahrzeugbatterien<\/strong> (Anlasser\/Beleuchtung\/Zündung) gilt:\n        <\/p>\n        <ul class=\"mdw-list\">\n          <li>Pfand von <strong>7,50&nbsp;€ (inkl. USt.)<\/strong> je Fahrzeugbatterie, wenn keine Altbatterie beim Kauf abgegeben wird.<\/li>\n          <li><strong>Pfandgutschein<\/strong> beim Kauf; Erstattung bei Rückgabe der Altbatterie bei uns.<\/li>\n          <li><strong>Kein Versand<\/strong> der Altbatterie an uns (Gefahrgutverordnung).<\/li>\n          <li>Alternativ: Abgabe bei <strong>Rücknahmestelle des örE<\/strong> (öffentlich-rechtlicher Entsorgungsträger) mit Bestätigung.<\/li>\n          <li>Erstattung des Pfands gegen <strong>Rückgabenachweis<\/strong> (nicht älter als 2 Wochen).<\/li>\n        <\/ul>\n\n        <!-- Volltext -->\n        <div class=\"mdw-legal\">\n          <h3>Details zur Regelung<\/h3>\n          <p>\n            Beim Verkauf von Fahrzeugbatterien (dies sind Batterien, die für den Anlasser, die Beleuchtung oder für die\n            Zündung von Fahrzeugen bestimmt sind) gelten die folgenden Besonderheiten: Der Verkäufer ist gem. § 10 BattG verpflichtet,\n            gegenüber Endnutzern je Fahrzeugbatterie ein Pfand in Höhe von 7,50 Euro einschließlich Umsatzsteuer zu erheben,\n            wenn der Endnutzer im Zeitpunkt des Kaufs der neuen Fahrzeugbatterie dem Verkäufer keine Fahrzeug-Altbatterie\n            zurückgibt. Der Kunde erhält beim Kauf einer Fahrzeugbatterie einen Pfandgutschein. Der Kunde kann zu Erstattung des\n            erhobenen Pfandes die alte Fahrzeugbatterie beim Verkäufer abgeben. Auf Grund der Gefahrengutverordnung ist ein Versand\n            der alten Fahrzeugbatterie an den Verkäufer nicht zulässig. Alternativ kann der Kunde die alte Fahrzeugbatterie an einer\n            vom öffentlich-rechtlichen-Entsorgungsträger eingerichteten Rücknahmestelle zurückgeben. Wird die Fahrzeug-Altbatterie\n            nicht dem Pfand erhebenden Verkäufer zurück-gegeben, ist derjenige Erfassungsberechtigte nach § 11 Abs. 3, BattG der die\n            Fahrzeug-Altbatterie zurücknimmt, verpflichtet, auf Verlangen dem Endnutzer die Rücknahme ohne Pfanderstattung schriftlich\n            oder elektronisch zu bestätigen. Der Kunde erhält in diesem Fall das erhobene Pfand vom Verkäufer erstattet, sofern er dem\n            Verkäufer einen schriftlichen oder elektronischen Rückgabenachweis nach § 10 Abs. 1 S. 4 BattG vorlegt, der zum Zeitpunkt\n            der Vorlage nicht älter als zwei Wochen ist.\n          <\/p>\n        <\/div>\n      <\/section>\n\n    <\/main>\n  <\/div>\n<\/section>\n\n<style>\n@import url(\"https:\/\/fonts.googleapis.com\/css2?family=Orbitron:wght@600;700;800&family=Poppins:wght@400;500;600;700&display=swap\");\n\n\/* Tokens *\/\n.mdw-batt{\n  --mdw-brand:#ABCA20;\n  --mdw-bg:#17171A;\n  --mdw-card:#1C1D22;\n  --mdw-text:#E9EDF3;\n  --mdw-sub:#9AA3B2;\n  --mdw-border:#2A2D33;\n}\n\n\/* Base *\/\n.mdw-batt{\n  background: var(--mdw-bg);\n  color: var(--mdw-text);\n  padding: clamp(24px,4vw,56px) 0;\n  font-family: \"Poppins\", system-ui, -apple-system, \"Segoe UI\", Roboto, Arial, sans-serif;\n}\n.mdw-batt *{ font-family: inherit; }\n.mdw-batt h1,.mdw-batt h2,.mdw-batt h3{\n  font-family: \"Orbitron\", ui-sans-serif, system-ui, -apple-system, \"Segoe UI\", Roboto, Arial, sans-serif;\n}\n.mdw-container{ width: min(1100px, 92vw); margin: 0 auto; }\n.mdw-hero{ margin-bottom: 28px; }\n.mdw-hero h1{ font-size: clamp(28px,3.2vw,40px); line-height:1.08; margin:0 0 8px; }\n.mdw-hero p{ color: var(--mdw-sub); margin: 0; }\n\n\/* Content *\/\n.mdw-content{ display:grid; gap:16px; }\n.mdw-card{\n  background: var(--mdw-card);\n  border: 1px solid var(--mdw-border);\n  border-radius: 16px;\n  padding: clamp(16px,2.4vw,22px);\n}\n.mdw-card h2{ font-size: clamp(18px,2.2vw,22px); margin: 0 0 8px; }\n\n\/* Lists & badges *\/\n.mdw-list{ list-style: none; padding: 0; margin: 8px 0 0; }\n.mdw-list li{\n  position: relative; padding-left: 28px; margin: 8px 0;\n}\n.mdw-list li::before{\n  content:\"\"; position:absolute; left:0; top:.35em; width:18px; height:18px; border-radius:6px;\n  background: linear-gradient(180deg, var(--mdw-brand), #92b400);\n  mask: url('data:image\/svg+xml;utf8,<svg xmlns=\"http:\/\/www.w3.org\/2000\/svg\" fill=\"%23000\" viewBox=\"0 0 24 24\"><path d=\"M20.285 6.709a1 1 0 0 1 0 1.414l-9.19 9.19a1 1 0 0 1-1.414 0L3.715 12.55a1 1 0 1 1 1.414-1.414l5.142 5.142 8.483-8.483a1 1 0 0 1 1.531-.086z\"\/><\/svg>') center\/70% 70% no-repeat;\n}\n\n.mdw-badges{ display:flex; gap:10px; flex-wrap:wrap; margin-top:10px; }\n.mdw-badge{\n  display:inline-flex; align-items:center; gap:8px;\n  padding:8px 10px; border-radius:999px;\n  background: rgba(255,255,255,.03);\n  border:1px dashed var(--mdw-border);\n  color: var(--mdw-text);\n  font-size: 13px;\n}\n.mdw-heavy{\n  display:inline-grid; place-items:center; width:28px; height:28px; border-radius:8px;\n  background: rgba(171,202,32,.12);\n  border: 1px solid rgba(171,202,32,.35);\n  font-weight: 700;\n}\n\n\/* Note row (für Mülltonnen-Symbol) *\/\n.mdw-note{\n  background: rgba(255,255,255,.03);\n  border: 1px dashed var(--mdw-border);\n  border-radius: 12px;\n  padding: 12px 14px;\n  color: var(--mdw-text);\n}\n.mdw-note--row{ display:flex; gap:12px; align-items:flex-start; }\n\n\/* Crossed-out wheeled bin (inline SVG als CSS mask) *\/\n.mdw-icon-bin{\n  flex: 0 0 42px; width:42px; height:42px; border-radius:10px;\n  background: linear-gradient(180deg, var(--mdw-brand), #8fb800);\n  mask: url('data:image\/svg+xml;utf8,\\\n  <svg xmlns=\"http:\/\/www.w3.org\/2000\/svg\" viewBox=\"0 0 64 64\">\\\n    <path fill=\\\"%23000\\\" d=\\\"M22 12h20l2 6h-24l2-6zm-6 10h32l-3 34a6 6 0 0 1-6 6H25a6 6 0 0 1-6-6l-3-34zM8 26h48v4H8zM16 8h32v4H16z\\\"\/>\\\n    <path fill=\\\"%23000\\\" d=\\\"M14 50l36-36 4 4-36 36z\\\"\/>\\\n  <\/svg>') center \/ 78% 78% no-repeat;\n}\n\n\/* Volltext-Box *\/\n.mdw-legal{\n  margin-top: 14px;\n  padding: 14px 16px;\n  border: 1px solid var(--mdw-border);\n  border-radius: 12px;\n  background: rgba(255,255,255,.02);\n}\n.mdw-legal h3{\n  margin: 0 0 8px;\n  font-size: 16px;\n  letter-spacing: .2px;\n}\n.mdw-legal--intro{\n  margin-top: 12px;\n}\n\n\/* Links (falls nötig) *\/\n.mdw-batt a{\n  color: var(--mdw-brand);\n  text-decoration: underline;\n  text-underline-offset: 2px;\n  font-weight: 600;\n}\n<\/style>","custom_css":"\/* Eigene CSS-Regeln hier einfügen *\/","custom_js":"\/\/ Eigene JS-Skripte hier einfügen","full_width":false,"pad_top":0,"pad_bottom":0,"bg_color":"rgba(0,0,0,0)"}}},"order":["main","custom_liquid_6p7G84"]}