{"sections":{"main":{"type":"nov-page","disabled":true,"settings":{}},"brand_collection_DgDbjq":{"type":"brand-collection","blocks":{"stat_FKnfUT":{"type":"stat","settings":{"icon_image":"shopify:\/\/shop_images\/Premium_Marken_437d9344-7f05-483c-9bae-01f2c3efff81.svg","icon":"","value":"84+","label":"Premium Marken"}},"stat_UQraDj":{"type":"stat","settings":{"icon_image":"shopify:\/\/shop_images\/Zufriedene_Kunden_4aa71091-0f0c-4a5d-a978-36dfbf04cefe.svg","icon":"","value":"400k+","label":"Zufriedene Kunden"}},"stat_AFLQ3g":{"type":"stat","settings":{"icon_image":"shopify:\/\/shop_images\/Verschiedene_Produkte_207c41a8-692b-4c61-ae24-fb7aefd15e40.svg","icon":"","value":"8000+","label":"Verschiedene Produkte"}},"stat_Rbwdxb":{"type":"stat","settings":{"icon_image":"shopify:\/\/shop_images\/Qualitaetsgarantie_4599fc32-02c9-4d97-b25b-28747b9fc050.svg","icon":"","value":"100%","label":"Qualitätsgarantie"}},"brand_card_RjfMgg":{"type":"brand_card","settings":{"collection":"schmeckt","founded_year":"2020","rating":"4.5","override_desc":"Deutsches Liquid-Label gegründet 2020 in Deutschland mit modernen, trendigen Aromen, häufig im Longfill-Bereich.","button_label":"#Schmeckt Produkte ansehen"}},"brand_card_8XiJGb":{"type":"brand_card","settings":{"collection":"5el","founded_year":"2017","rating":"4.4","override_desc":"Deutsche Marke, spezialisiert auf E-Liquids und Aromen mit Fokus auf fruchtige und süße Mischungen.","button_label":"5EL Produkte ansehen"}},"brand_card_yNgQeE":{"type":"brand_card","settings":{"collection":"about-vape","founded_year":"K.A.","rating":"4.0","override_desc":"Deutscher Hersteller, bietet eine breite Auswahl an Aromen, Basen und Liquids für Selbstmischer und Einsteiger.","button_label":"About Vape Produkte ansehen"}},"brand_card_FAkWtx":{"type":"brand_card","settings":{"collection":"acrohm","founded_year":"2018","rating":"3.9","override_desc":"Chinesischer Hersteller, bekannt für den „FUSH“-Mod mit LED-Beleuchtung und innovativem Design.","button_label":"Acrohm Produkte ansehen"}},"brand_card_jNCyA9":{"type":"brand_card","settings":{"collection":"alphavirus","founded_year":"K.A.","rating":"3.7","override_desc":"Liquid-Marke mit auffälligen, intensiven Geschmacksrichtungen, häufig im fruchtigen Bereich.","button_label":"Alphavirus Produkte ansehen"}},"brand_card_7pTbng":{"type":"brand_card","settings":{"collection":"aroma-syndikat","founded_year":"2015","rating":"4.5","override_desc":"Sehr gut Bewerteter deutscher Hersteller von Longfills und Aromen, mit Fokus auf süße und fruchtige Kreationen.","button_label":"Aroma Syndikat Produkte ansehen"}},"brand_card_QYbceY":{"type":"brand_card","settings":{"collection":"aromameister","founded_year":"K.A.","rating":"4.0","override_desc":"Bekannt für eine Vielzahl an Aromen und Longfills, mit kreativen Geschmacksrichtungen für Selbstmischer.","button_label":"Aromameister Produkte ansehen"}},"brand_card_XxzGhn":{"type":"brand_card","settings":{"collection":"asmodus","founded_year":"2014","rating":"4.5","override_desc":"US Hersteller hochwertiger Mods und Akkuträger, besonders beliebt bei Dampfern, die Wert auf Design legen.","button_label":"AsMODus Produkte ansehen"}},"brand_card_bGY9Ga":{"type":"brand_card","settings":{"collection":"aspire","founded_year":"2013","rating":"4.7","override_desc":"Global führender Hersteller von E-Zigaretten-Hardware, bekannt für Geräte wie Nautilus, Zelos und Cleito.","button_label":"Aspire Produkte ansehen"}},"brand_card_TrwEkf":{"type":"brand_card","settings":{"collection":"avoria","founded_year":"2010","rating":"4.5","override_desc":"Deutscher Hersteller aus Nürnberg, spezialisiert auf Basen, Aromen und E-Liquids – produziert nach hohen Qualitätsstandards.","button_label":"Avoria Produkte ansehen"}},"brand_card_q4ByEk":{"type":"brand_card","settings":{"collection":"bad-candy-liquids","founded_year":"2019","rating":"4.4","override_desc":"Deutsche Marke für Longfills und Aromen mit Fokus auf süße, fruchtige und außergewöhnliche Mischungen.","button_label":"Bad Candy Liquids Produkte ansehen"}},"brand_card_FJ4LfR":{"type":"brand_card","settings":{"collection":"bar-series","founded_year":"2021","rating":"4.2","override_desc":"Eine Liquid-Reihe, die sich an Geschmacksprofilen von Disposables orientiert und in Fruchtvarianten erhältlich ist.","button_label":"Bar Series Produkte ansehen"}},"brand_card_4hKUbL":{"type":"brand_card","settings":{"collection":"big-bottle","founded_year":"K.A.","rating":"4.4","override_desc":"Marke aus Deutschland, die für große Abfüllmengen und intensive, fruchtige Aromen bekannt ist.","button_label":"Big Bottle Produkte ansehen"}},"brand_card_E4gfj4":{"type":"brand_card","settings":{"collection":"boss-juice","founded_year":"K.A.","rating":"4.0","override_desc":"Eine Marke aus Malaysia, die für aromatische E-Liquids mit exotischen Früchten und süßen Mischungen bekannt ist.","button_label":"Boss Juice Produkte ansehen"}},"brand_card_rqmfJm":{"type":"brand_card","settings":{"collection":"culami","founded_year":"2012","rating":"4.5","override_desc":"Culami ist ein deutscher Hersteller von E-Liquids und Longfills, der für vielfältige Geschmacksrichtungen und solide Qualität steht.","button_label":"Culami Produkte ansehen"}},"brand_card_yLgCYY":{"type":"brand_card","settings":{"collection":"das-ist-dampfen","founded_year":"2017","rating":"3.9","override_desc":"Eine deutsche Marke für E-Liquids und Aromen mit einem breiten Sortiment an fruchtigen, klassischen und süßen Sorten.","button_label":"Das ist Dampfen Produkte ansehen"}},"brand_card_xKt8nP":{"type":"brand_card","settings":{"collection":"dojoliq","founded_year":"2016","rating":"4.1","override_desc":"Dojoliq bietet E-Liquids und Aromen mit Fokus auf fruchtige und süße Geschmacksrichtungen, hergestellt in Deutschland.","button_label":"Dojoliq Produkte ansehen"}},"brand_card_iBc4B3":{"type":"brand_card","settings":{"collection":"dr-frost","founded_year":"2016","rating":"4.6","override_desc":"Dr. Frost ist eine Marke aus Malaysia, die sich mit fruchtigen E-Liquids mit markanter Kühle einen Namen gemacht hat.","button_label":"Dr. Frost Produkte ansehen"}},"brand_card_8yQ3Vd":{"type":"brand_card","settings":{"collection":"dr-vapes","founded_year":"2014","rating":"4.7","override_desc":"Dr. Vapes ist eine britische Marke, gegründet 2014 in London, bekannt für preisgekrönte E-Liquids wie die Panther-Serie.","button_label":"Dr. Vapes Produkte ansehen"}},"brand_card_EifEyG":{"type":"brand_card","settings":{"collection":"eleaf","founded_year":"2011","rating":"4.4","override_desc":"Weltweit bekannter Hersteller von E-Zigaretten-Hardware. Die Marke ist besonders für ihre iStick-Serie, benutzerfreundliche Geräte und zuverlässige Verdampfer bekannt.","button_label":"Eleaf Produkte ansehen"}},"brand_card_jANq3w":{"type":"brand_card","settings":{"collection":"elf-liquid","founded_year":"K.A.","rating":"4.1","override_desc":"Elf-Liquid bietet E-Liquids mit verschiedenen Nikotinstärken, die speziell auf die Aromenwelt von Elfbar abgestimmt sind.","button_label":"Elf-Liquid Produkte ansehen"}},"brand_card_KNDb8G":{"type":"brand_card","settings":{"collection":"elfbar","founded_year":"2018","rating":"4.5","override_desc":"Elfbar ist eine der bekanntesten Marken für Disposables und Pod-Systeme, mit Fokus auf einfache Bedienung und starke Aromen.","button_label":"Elfbar Produkte ansehen"}},"brand_card_DkhY7d":{"type":"brand_card","settings":{"collection":"elfliq","founded_year":"2022","rating":"4.1","override_desc":"ELFLIQ ist die E-Liquid-Marke von Elfbar – Nikotinsalz-Liquids mit den bekannten Elfbar-Aromen für Pod-Systeme und E-Zigaretten.","button_label":"ELFLIQ Produkte ansehen"}},"brand_card_gDKnHN":{"type":"brand_card","settings":{"collection":"elux","founded_year":"2021","rating":"4.0","override_desc":"Elux ist eine Marke für Einweg-E-Zigaretten mit großer Geschmacksvielfalt und Fokus auf intensive, langanhaltende Aromen.","button_label":"Elux Produkte ansehen"}},"brand_card_QqMWge":{"type":"brand_card","settings":{"collection":"erste-sahne","founded_year":"2011","rating":"4.5","override_desc":"Erste Sahne bietet ein breites Sortiment an Liquids und Aromen „Made in Germany“ – von fruchtig bis cremig-süß.","button_label":"Erste Sahne Produkte ansehen"}},"brand_card_Yn4fFf":{"type":"brand_card","settings":{"collection":"evergreen","founded_year":"K.A.","rating":"4.3","override_desc":"Evergreen ist bekannt für frische Menthol- und Minz-Aromen sowie Fruchtkombinationen, die für einen kühlen Dampfgenuss sorgen.","button_label":"Evergreen Produkte ansehen"}},"brand_card_ehafMp":{"type":"brand_card","settings":{"collection":"fiasco-brew","founded_year":"K.A.","rating":"4.1","override_desc":"Fiasco Brew ist eine Serie von Aromen mit Fokus auf Kaffee- und Dessertnoten, die für intensiven, authentischen Geschmack stehen.","button_label":"Fiasco Brew Produkte ansehen"}},"brand_card_R9fMeq":{"type":"brand_card","settings":{"collection":"flavorist","founded_year":"2017","rating":"4.7","override_desc":"Hersteller der sich auf komplexe Premium-Aromen spezialisiert hat – beliebte Mischungen aus Tabak, Dessert und Frucht.","button_label":"Flavorist Produkte ansehen"}},"brand_card_bBDhbH":{"type":"brand_card","settings":{"collection":"flavorverse","founded_year":"K.A.","rating":"4.1","override_desc":"Flavorverse entwickelt Longfill-Aromen mit kreativen, exotischen Geschmacksrichtungen für ein abwechslungsreiches Dampferlebnis.","button_label":"Flavorverse Produkte ansehen"}},"brand_card_mAyUNL":{"type":"brand_card","settings":{"collection":"flavourart","founded_year":"2006","rating":"4.6","override_desc":"FlavourArt aus Italien gehört zu den Pionieren der E-Liquid-Herstellung und bietet eine große Auswahl an Aromen für DIY-Mischer und fertige Liquids.","button_label":"Flavourart Produkte ansehen"}},"brand_card_Uhtd6n":{"type":"brand_card","settings":{"collection":"flerbar","founded_year":"2021","rating":"3.9","override_desc":"Flerbar ist bekannt für moderne Einweg-E-Zigaretten (Disposables) mit intensiven Aromen und unkomplizierter Handhabung.","button_label":"Flerbar Produkte ansehen"}},"brand_card_8t79wK":{"type":"brand_card","settings":{"collection":"four-leaves","founded_year":"K.A.","rating":"4.1","override_desc":"Four Leaves ist eine Marke für Longfill-Aromen und E-Liquids, die sich durch vielfältige Frucht- und Süßwaren-Geschmäcker auszeichnet.","button_label":"Four Leaves Produkte ansehen"}},"brand_card_PVqKdN":{"type":"brand_card","settings":{"collection":"fruizee","founded_year":"2016","rating":"4.6","override_desc":"Fruizee ist eine französische Marke für E-Liquids, die intensive Frucht- und Tropenaromen kombiniert, mit Varianten wie Zitrus, Mango, Beeren und erfrischenden Kombinationen.","button_label":"Fruizee Produkte ansehen"}},"brand_card_nc8dc6":{"type":"brand_card","settings":{"collection":"ganggang","founded_year":"2019","rating":"4.0","override_desc":"2019 gegründet ist GangGang das Branding des bekannten und erfolgreichen YouTubers \"Jack The Ripper\", mit dem er sich jetzt auch auf den Markt der E-Zigaretten wagt.","button_label":"GangGang Produkte ansehen"}},"brand_card_QftMV9":{"type":"brand_card","settings":{"collection":"geekvape","founded_year":"2015","rating":"4.6","override_desc":"GeekVape ist innovativer Hersteller von Hardware, dessen Sortiment robuste Mods, Pod-Systeme und die bekannten „Aegis“-Modelle umfasst — meist beliebt für ihre Zuverlässigkeit und technische Ausstattung.","button_label":"GeekVape Produkte ansehen"}},"brand_card_CbDcxx":{"type":"brand_card","settings":{"collection":"gobar","founded_year":"2021","rating":"3.9","override_desc":"GOBAR wurde 2021 gegründet und produziert moderne, wiederaufladbare Disposable- und Pod-Systeme wie das beliebte Tornado 10000 – ideal für Dampfer, die Funktion und Einfachheit schätzen.","button_label":"GOBAR Produkte ansehen"}},"brand_card_AiXipM":{"type":"brand_card","settings":{"collection":"horror-juice","founded_year":"2018","rating":"4.3","override_desc":"Horror Juice bietet Liquids wie „Devil“ und „Frankie“ mit verschiedenen Nikotinstärken und konzentriert sich auf besondere Geschmacksprofile im Liquid-Segment.","button_label":"Horror Juice Produkte ansehen"}},"brand_card_yLtmei":{"type":"brand_card","settings":{"collection":"i-vg","founded_year":"2016","rating":"4.6","override_desc":"I VG ist eine international bekannte Marke für E-Liquids, berühmt für klassische und fruchtige Aromen in einer großen Vielfalt mit Nikotinsalzen & traditionellen Liquids.","button_label":"I VG Produkte ansehen"}},"brand_card_wDXeVm":{"type":"brand_card","settings":{"collection":"innocigs","founded_year":"2011","rating":"4.5","override_desc":"InnoCigs ist ein Markenhersteller für E-Zigaretten und Zubehör, mit Fokus auf Geräte, Liquid-Produkte und ein Komplettangebot für Einsteiger.","button_label":"InnoCigs Produkte ansehen"}},"brand_card_rVQjhh":{"type":"brand_card","settings":{"collection":"innocigs-liquid","founded_year":"2011","rating":"4.5","override_desc":"InnoCigs Liquid ist das Liquid-Portfolio von InnoCigs, bekannt für breite Auswahl an Geschmacksrichtungen und solide Qualität für diverse Dampfer.","button_label":"InnoCigs Liquid Produkte ansehen"}},"brand_card_R8B8ej":{"type":"brand_card","settings":{"collection":"innokin","founded_year":"2011","rating":"4.5","override_desc":"Innokin ist ein etablierter Hersteller hochwertiger E-Zigaretten, spezialisiert auf sichere, benutzerfreundliche Geräte und innovative Technik.","button_label":"Innokin Produkte ansehen"}},"brand_card_wALVdj":{"type":"brand_card","settings":{"collection":"innokin-premium","founded_year":"2012","rating":"4.5","override_desc":"Innokin Premium ist eine Sublinie oder Qualitätsklasse von Innokin, die hochwertige Materialien und exklusive Modelle anbietet.","button_label":"Innokin Premium Produkte ansehen"}},"brand_card_Pej7M7":{"type":"brand_card","settings":{"collection":"joyetech","founded_year":"2007","rating":"4.5","override_desc":"Joyetech wurde 2007 in Shenzhen, China, gegründet und gehört zu den führenden Herstellern von E-Zigaretten-Hardware weltweit.","button_label":"Joyetech Produkte ansehen"}},"brand_card_zbQQWD":{"type":"brand_card","settings":{"collection":"just-juice","founded_year":"2019","rating":"4.5","override_desc":"Just Juice ist eine britische Marke für preisgekrönte Nikotinsalz-Liquids mit intensiven Fruchtaromen.","button_label":"Just Juice Produkte ansehen"}}},"block_order":["stat_FKnfUT","stat_UQraDj","stat_AFLQ3g","stat_Rbwdxb","brand_card_RjfMgg","brand_card_8XiJGb","brand_card_yNgQeE","brand_card_FAkWtx","brand_card_jNCyA9","brand_card_7pTbng","brand_card_QYbceY","brand_card_XxzGhn","brand_card_bGY9Ga","brand_card_TrwEkf","brand_card_q4ByEk","brand_card_FJ4LfR","brand_card_4hKUbL","brand_card_E4gfj4","brand_card_rqmfJm","brand_card_yLgCYY","brand_card_xKt8nP","brand_card_iBc4B3","brand_card_8yQ3Vd","brand_card_EifEyG","brand_card_jANq3w","brand_card_KNDb8G","brand_card_DkhY7d","brand_card_gDKnHN","brand_card_QqMWge","brand_card_Yn4fFf","brand_card_ehafMp","brand_card_R9fMeq","brand_card_bBDhbH","brand_card_mAyUNL","brand_card_Uhtd6n","brand_card_8t79wK","brand_card_PVqKdN","brand_card_nc8dc6","brand_card_QftMV9","brand_card_CbDcxx","brand_card_AiXipM","brand_card_yLtmei","brand_card_wDXeVm","brand_card_rVQjhh","brand_card_R8B8ej","brand_card_wALVdj","brand_card_Pej7M7","brand_card_zbQQWD"],"custom_css":[],"name":"Premium-Hersteller","settings":{"title":"Unsere Premium Hersteller","subtitle":"Entdecke die führenden Marken der Vaping-Industrie. Von innovativer Technologie bis hin zu elegantem Design – wir bieten nur Produkte von vertrauenswürdigen Herstellern.","show_bottom_cta":false,"bottom_title":"Vermisst du eine Marke?","bottom_text":"Wir erweitern ständig unser Sortiment. Kontaktiere uns, wenn du eine bestimmte Marke suchst oder Vorschläge für neue Hersteller hast.","bottom_primary_label":"Marke vorschlagen","bottom_primary_url":"","bottom_secondary_label":"Kontakt aufnehmen","bottom_secondary_url":""}},"brand_collection_RGfLQr":{"type":"brand-collection","blocks":{"brand_card_JUHiXf":{"type":"brand_card","settings":{"collection":"justfog","founded_year":"2009","rating":"4.5","override_desc":"JustFog ist ein südkoreanischer Hersteller, spezialisiert auf Pod-Systeme und kompakte E-Zigaretten für Einsteiger und Umsteiger.","button_label":"JustFog Produkte ansehen"}},"brand_card_zy6TDe":{"type":"brand_card","settings":{"collection":"kirschlolli","founded_year":"2017","rating":"4.5","override_desc":"Kirschlolli ist eine deutsche Marke, bekannt für das gleichnamige Liquid mit Kirschnote, das sich seit Jahren großer Beliebtheit erfreut.","button_label":"Kirschlolli Produkte ansehen"}},"brand_card_qnxCBP":{"type":"brand_card","settings":{"collection":"linvo","founded_year":"2022","rating":"4.5","override_desc":"Linvo ist ein Hersteller von Einweg-E-Zigaretten (Disposables) mit Nikotinsalzen, die in verschiedenen Geschmacksrichtungen erhältlich sind.","button_label":"Linvo Produkte ansehen"}},"brand_card_XMffpT":{"type":"brand_card","settings":{"collection":"lost-mary","founded_year":"2022","rating":"4.3","override_desc":"Lost Mary ist eine Submarke von Elfbar, spezialisiert auf stylische Disposable-Vapes mit großer Geschmacksvielfalt.","button_label":"Lost Mary Produkte ansehen"}},"brand_card_nXYCqg":{"type":"brand_card","settings":{"collection":"lost-vape","founded_year":"2014","rating":"4.6","override_desc":"Lost Vape ist ein Hersteller aus Shenzhen, China, gegründet 2014, bekannt für Premium-Hardware wie DNA-Chip Mods und Pod-Systeme.","button_label":"Alle Produkte ansehen"}},"brand_card_Gy7K9x":{"type":"brand_card","settings":{"collection":"maryliq","founded_year":"2022","rating":"4.1","override_desc":"MARYLIQ ist eine Marke für Nikotinsalz-Liquids, die sich auf fruchtige und süße Aromen mit intensiver Geschmacksentfaltung spezialisiert hat.","button_label":"MARYLIQ Produkte ansehen"}},"brand_card_qxih6E":{"type":"brand_card","settings":{"collection":"maza","founded_year":"2018","rating":"4.5","override_desc":"MaZa ist eine deutsche Liquid-Marke, bekannt für kräftige Fruchtmischungen und süße Aromen, für Longfill- sowie Nikotinsalze.","button_label":"MaZa Produkte ansehen"}},"brand_card_JmY37p":{"type":"brand_card","settings":{"collection":"montreal-original","founded_year":"2018","rating":"4.5","override_desc":"Montreal Original ist ein kanadischer Hersteller von E-Liquids, spezialisiert auf klassische Tabakaromen mit authentischem Geschmack.","button_label":"Montreal Original Produkte ansehen"}},"brand_card_FrnwyD":{"type":"brand_card","settings":{"collection":"must-have","founded_year":"2012","rating":"4.6","override_desc":"Must Have ist eine Marke aus dem Hause Culami. Sie steht sie für kreative Geschmackskreationen und Premiumqualität „Made in Germany“.","button_label":"{{ block.settings.collection.title }}Produkte ansehen"}},"brand_card_tdLhed":{"type":"brand_card","settings":{"collection":"mystical","founded_year":"2012","rating":"4.1","override_desc":"Mystical ist eine Marke der Culami GmbH & Co. KG und bietet Longfill-Aromen mit kreativen Frucht- und Kräuterkombinationen wie z. B. Anis, Minze und rote Früchte.","button_label":"{{ block.settings.collection.title }} Produkte ansehen"}},"brand_card_t9Kfjh":{"type":"brand_card","settings":{"collection":"nebelfee","founded_year":"2016","rating":"4.8","override_desc":"Nebelfee ist eine deutsche Marke, gegründet vom YouTuber Manuel „Nebelfee“. Die Produkte sind bekannt für komplexe Premium-Aromen und Longfills.","button_label":"{{ block.settings.collection.title }} Produkte ansehen"}},"brand_card_TMUNat":{"type":"brand_card","settings":{"collection":"overvape","founded_year":"2019","rating":"4.0","override_desc":"Overvape ist ein Hersteller von Longfill-Aromen, der für kreative und geschmacksintensive Mischungen in unterschiedlichen Kategorien steht.","button_label":"{{ block.settings.collection.title }} Produkte ansehen"}},"brand_card_ikbCKq":{"type":"brand_card","settings":{"collection":"pod-salt","founded_year":"2018","rating":"4.5","override_desc":"Pod Salt ist eine britische Marke, die für ihre Nikotinsalz-Liquids bekannt ist, vielfach ausgezeichnet und in zahlreichen Geschmacksrichtungen erhältlich.","button_label":"{{ block.settings.collection.title }} Produkte ansehen"}},"brand_card_GkFVP6":{"type":"brand_card","settings":{"collection":"pod-salt-fusion","founded_year":"2019","rating":"4.3","override_desc":"Pod Salt Fusion ist eine Kooperation von Pod Salt, bei der Original-Aromen bekannter Marken mit ihren prämierten Nikotinsalzen kombiniert werden.","button_label":"{{ block.settings.collection.title }} Produkte ansehen"}},"brand_card_MVg4wf":{"type":"brand_card","settings":{"collection":"pod-salt-x","founded_year":"2020","rating":"4.5","override_desc":"Pod Salt ist eine britische Marke, die für ihre Nikotinsalz-Liquids bekannt ist, vielfach ausgezeichnet und in zahlreichen Geschmacksrichtungen erhältlich.","button_label":"{{ block.settings.collection.title }} Produkte ansehen"}},"brand_card_fqynYA":{"type":"brand_card","settings":{"collection":"primeval","founded_year":"2019","rating":"4.5","override_desc":"Primeval ist eine Marke für E-Liquids mit fruchtigen und exotischen Aromen, die sich auf intensive Geschmacksprofile spezialisiert hat.","button_label":"{{ block.settings.collection.title }} Produkte ansehen"}},"brand_card_MWaFfc":{"type":"brand_card","settings":{"collection":"redback-juice-co","founded_year":"2017","rating":"4.5","override_desc":"Redback Juice Co. stammt aus Australien und bietet Premium-E-Liquids mit tropischen und klassischen Fruchtmischungen.","button_label":"{{ block.settings.collection.title }} Produkte ansehen"}},"brand_card_kYHkr4":{"type":"brand_card","settings":{"collection":"refresh-gazoz","founded_year":"K.A.","rating":"4.5","override_desc":"Refresh Gazoz ist eine Marke für E-Liquids mit kohlensäure-inspirierten Erfrischungs- und Fruchtgeschmäckern.","button_label":"{{ block.settings.collection.title }} Produkte ansehen"}},"brand_card_i9mwkx":{"type":"brand_card","settings":{"collection":"revoltage","founded_year":"2021","rating":"4.5","override_desc":"Revoltage ist eine deutsche Liquid-Marke, die fruchtige und erfrischende Geschmacksprofile herstellt.","button_label":"{{ block.settings.collection.title }} Produkte ansehen"}},"brand_card_Xgye8G":{"type":"brand_card","settings":{"collection":"salt-club","founded_year":"K.A.","rating":"4.5","override_desc":"Salt Club ist eine Marke für Nikotinsalz-Liquids in verschiedenen fruchtigen Geschmacksrichtungen.","button_label":"{{ block.settings.collection.title }} Produkte ansehen"}},"brand_card_TYXjNp":{"type":"brand_card","settings":{"collection":"sc","founded_year":"2011","rating":"4.5","override_desc":"SC ist eine bekannte deutsche Marke, die neben Liquids auch Basen, Aromen und Zubehör für Dampfer anbietet.","button_label":"{{ block.settings.collection.title }} Produkte ansehen"}},"brand_card_9A3Jbc":{"type":"brand_card","settings":{"collection":"sc-liquid","founded_year":"K.A.","rating":"4.5","override_desc":"SC Liquid ist eine Marke von SC, die eine breite Auswahl an Geschmacksrichtungen bieten für Liquids anbieten.","button_label":"{{ block.settings.collection.title }} Produkte ansehen"}},"brand_card_9ijfXA":{"type":"brand_card","settings":{"collection":"sc-liquid-diy","founded_year":"K.A.","rating":"4.5","override_desc":"SC Liquid DIY ist eine Produktlinie von SC für Selbstmischer mit Aromen und Basen.","button_label":"{{ block.settings.collection.title }} Produkte ansehen"}},"brand_card_FDAcb4":{"type":"brand_card","settings":{"collection":"sique","founded_year":"2018","rating":"4.6","override_desc":"Sique Berlin ist eine deutsche Marke für Premium-Liquids, die sich auf fruchtige und süße Geschmacksrichtungen spezialisiert.","button_label":"{{ block.settings.collection.title }} Produkte ansehen"}},"brand_card_RQLDpY":{"type":"brand_card","settings":{"collection":"ske","founded_year":"2019","rating":"4.2","override_desc":"SKE ist eine chinesische Marke, vor allem durch die „SKE Crystal Bar“-Disposables bekannt.","button_label":"{{ block.settings.collection.title }} Produkte ansehen"}},"brand_card_8MGMKk":{"type":"brand_card","settings":{"collection":"smok","founded_year":"2010","rating":"4.4","override_desc":"Smok (Shenzhen IVPS Technology Co.) gehört zu den größten Herstellern von E-Zigaretten weltweit, bekannt für Mods, Verdampfer und Podsysteme.","button_label":"{{ block.settings.collection.title }} Produkte ansehen"}},"brand_card_cGH38X":{"type":"brand_card","settings":{"collection":"tnyvps","founded_year":"K.A.","rating":"3.8","override_desc":"TNYVPS (Tiny Vapes) bietet kompakte Disposables und Liquids in verschiedenen Geschmacksrichtungen an.","button_label":"{{ block.settings.collection.title }} Produkte ansehen"}},"brand_card_kprXjg":{"type":"brand_card","settings":{"collection":"tom-klarks","founded_year":"2015","rating":"4.7","override_desc":"Tom Klarks ist ein deutscher Premium-Liquid-Hersteller aus Berlin, bekannt für außergewöhnlich komplexe Geschmacksprofile.","button_label":"{{ block.settings.collection.title }} Produkte ansehen"}},"brand_card_NqtLMA":{"type":"brand_card","settings":{"collection":"twelve-monkeys","founded_year":"2014","rating":"4.6","override_desc":"Twelve Monkeys ist eine kanadische Marke, die mehrfach ausgezeichnete Premium-E-Liquids mit komplexen Fruchtmischungen anbietet.","button_label":"{{ block.settings.collection.title }} Produkte ansehen"}},"brand_card_GjjB3g":{"type":"brand_card","settings":{"collection":"uwell","founded_year":"2015","rating":"4.6","override_desc":"Uwell ist ein chinesischer Hersteller von E-Zigaretten-Hardware, bekannt für Produkte wie den Crown-Verdampfer und Caliburn-Podsysteme.","button_label":"{{ block.settings.collection.title }} Produkte ansehen"}},"brand_card_pFtq4d":{"type":"brand_card","settings":{"collection":"vagrand","founded_year":"K.A.","rating":"3.8","override_desc":"Vagrand ist eine Marke für E-Liquids mit Fokus auf fruchtige Aromen und süße Mischungen.","button_label":"{{ block.settings.collection.title }} Produkte ansehen"}},"brand_card_tLzrNc":{"type":"brand_card","settings":{"collection":"vampire-vape","founded_year":"2012","rating":"4.6","override_desc":"Vampire Vape ist ein britischer Liquid-Hersteller, gegründet 2012, international bekannt durch Aromen wie Heisenberg und Pinkman.","button_label":"{{ block.settings.collection.title }} Produkte ansehen"}},"brand_card_h8hJjF":{"type":"brand_card","settings":{"collection":"vapefly","founded_year":"2017","rating":"4.6","override_desc":"Vapefly ist ein deutscher Hersteller, spezialisiert auf Verdampfer, Selbstwickler und Zubehör – oft entwickelt in Kooperation mit der Dampfer-Community.","button_label":"{{ block.settings.collection.title }} Produkte ansehen"}},"brand_card_9qyftx":{"type":"brand_card","settings":{"collection":"vaporesso","founded_year":"2015","rating":"4.5","override_desc":"Vaporesso gehört zur chinesischen SMOORE-Gruppe und ist seit 2015 bekannt für hochwertige E-Zigaretten-Hardware und den AXON-Chipsatz.","button_label":"{{ block.settings.collection.title }} Produkte ansehen"}},"brand_card_EP8Hpc":{"type":"brand_card","settings":{"collection":"vaporist","founded_year":"2016","rating":"4.5","override_desc":"Vaporist ist eine deutsche Marke, die E-Liquids und Aromen in einer breiten Palette von fruchtig bis cremig anbietet.","button_label":"{{ block.settings.collection.title }} Produkte ansehen"}},"brand_card_RFF7QM":{"type":"brand_card","settings":{"collection":"vaptio","founded_year":"2014","rating":"4.5","override_desc":"Vaptio ist ein chinesischer Hersteller von E-Zigaretten-Hardware, der sich durch innovative Pod-Systeme, Mods und Verdampfer auszeichnet.","button_label":"{{ block.settings.collection.title }} Produkte ansehen"}},"brand_card_j9jxKF":{"type":"brand_card","settings":{"collection":"voopoo","founded_year":"2014","rating":"4.5","override_desc":"VooPoo wurde 2014 gegründet und ist ein führender Hersteller von E-Zigaretten-Hardware, bekannt für den GENE-Chipsatz und Geräte wie Drag-Serien.","button_label":"{{ block.settings.collection.title }} Produkte ansehen"}},"brand_card_hq3Da4":{"type":"brand_card","settings":{"collection":"xohavana","founded_year":"K.A.","rating":"4.5","override_desc":"XOHAVANA ist eine Marke, die Premium-Aromen mit Fokus auf Tabak- und Zigarrennoten anbietet.","button_label":"{{ block.settings.collection.title }} Produkte ansehen"}},"brand_card_JJGHih":{"type":"brand_card","settings":{"collection":"xtar","founded_year":"2006","rating":"4.5","override_desc":"XTAR ist ein chinesischer Hersteller von Ladegeräten, Akkus und Zubehör für E-Zigaretten und andere elektronische Geräte.","button_label":"{{ block.settings.collection.title }} Produkte ansehen"}},"brand_card_E8fY9W":{"type":"brand_card","settings":{"collection":"zombie","founded_year":"2017","rating":"4.5","override_desc":"Zombie ist eine Marke für E-Liquids mit auffälligem Branding und vielfältigen fruchtigen Geschmacksrichtungen.","button_label":"{{ block.settings.collection.title }} Produkte ansehen"}}},"block_order":["brand_card_JUHiXf","brand_card_zy6TDe","brand_card_qnxCBP","brand_card_XMffpT","brand_card_nXYCqg","brand_card_Gy7K9x","brand_card_qxih6E","brand_card_JmY37p","brand_card_FrnwyD","brand_card_tdLhed","brand_card_t9Kfjh","brand_card_TMUNat","brand_card_ikbCKq","brand_card_GkFVP6","brand_card_MVg4wf","brand_card_fqynYA","brand_card_MWaFfc","brand_card_kYHkr4","brand_card_i9mwkx","brand_card_Xgye8G","brand_card_TYXjNp","brand_card_9A3Jbc","brand_card_9ijfXA","brand_card_FDAcb4","brand_card_RQLDpY","brand_card_8MGMKk","brand_card_cGH38X","brand_card_kprXjg","brand_card_NqtLMA","brand_card_GjjB3g","brand_card_pFtq4d","brand_card_tLzrNc","brand_card_h8hJjF","brand_card_9qyftx","brand_card_EP8Hpc","brand_card_RFF7QM","brand_card_j9jxKF","brand_card_hq3Da4","brand_card_JJGHih","brand_card_E8fY9W"],"custom_css":[],"name":"Premium-Hersteller","settings":{"title":"","subtitle":"","show_bottom_cta":true,"bottom_title":"Vermisst du eine Marke?","bottom_text":"Wir erweitern ständig unser Sortiment. Kontaktiere uns, wenn du eine bestimmte Marke suchst oder Vorschläge für neue Hersteller hast und erhalte dafür einen 10% Gutschein für deinen nächsten Einkauf.","bottom_primary_label":"Marke vorschlagen","bottom_primary_url":"shopify:\/\/pages\/kontakt","bottom_secondary_label":"Alle Produkte ansehen","bottom_secondary_url":"shopify:\/\/collections\/all"}},"custom_liquid_WFWgMy":{"type":"custom-liquid","name":"Trennlinie","settings":{"custom_liquid":"<section class=\"mdw-divider\" role=\"presentation\" aria-hidden=\"true\">\n  <hr class=\"mdw-divider__line\" \/>\n<\/section>\n\n<style>\n  .mdw-divider {\n    margin: 0;\n    padding: 16px 0;\n    background: transparent;\n  }\n\n  .mdw-divider__line {\n    border: none;\n    height: 2px;\n    width: 100%;\n    max-width: 1200px;\n    margin: 0 auto;\n    background-color: #ABCA20; \/* euer Grün *\/\n  }\n<\/style>","custom_css":"","custom_js":"","full_width":false,"pad_top":64,"pad_bottom":0,"bg_color":"rgba(0,0,0,0)"}},"custom_liquid_q6XjgJ":{"type":"custom-liquid","name":"Custom Liquid Pro","settings":{"custom_liquid":"<section id=\"seo-manufacturers\" class=\"seo-manufacturers\">\n  <div class=\"seo-wrap\">\n    <h2>Erstklassige Hersteller von E-Zigaretten, Dampfen &amp; Vapes<\/h2>\n    <p>\n      Als Gebrauchsgegenstand, den du mit dir herumschleppst und täglich in Gebrauch hast, muss eine Vape viel aushalten, astrein performen und dabei noch gut aussehen. \n      Auch das Verbrauchsmaterial wie Verdampferköpfe, Akkus und weiteres Zubehör müssen durch hohe Qualität und Langlebigkeit überzeugen. \n      Das alles findest du bei den namhaften Herstellern, deren Produkte wir dir aus voller Überzeugung und mit sehr gutem Gewissen in unserem Dampfershop anbieten. \n      Da wären zum Beispiel:\n    <\/p>\n    <ul class=\"brand-list\">\n      <li><a href=\"\/collections\/aspire\">Aspire<\/a><\/li>\n      <li><a href=\"\/collections\/innokin\">Innokin<\/a><\/li>\n      <li><a href=\"\/collections\/geekvape\">GeekVape<\/a><\/li>\n      <li><a href=\"\/collections\/justfog\">JustFog<\/a><\/li>\n      <li><a href=\"\/collections\/vaporesso\">Vaporesso<\/a><\/li>\n      <li><a href=\"\/collections\/eleaf\">Eleaf<\/a><\/li>\n      <li>und viele weitere.<\/li>\n    <\/ul>\n    <p>\n      Diese Marken überzeugen durch kleine und handliche E-Zigaretten ebenso wie durch Verdampferköpfe und weiteres Zubehör. \n      Stöbere jetzt durch unsere Hersteller-Kategorie und finde die E-Zigarette, die am besten zu dir und deinen Bedürfnissen passt!\n    <\/p>\n\n    <h3>Großartige Marken &amp; Hersteller der besten Liquids<\/h3>\n    <p>\n      Die leckersten und besten Liquids mit den schönsten Dampfwolken und dem köstlichsten Aroma – wir haben sie alle. \n      Die von uns ausgewählten Aromen, Bestandteile zum Selbermischen und gebrauchsfertigen Liquids kommen alle von qualitativ anspruchsvollen Herstellern, \n      die bei der Mischung und Abfüllung nur die besten Inhaltsstoffe verwenden und so exzellente eLiquids und Aromen kreieren können. \n      Zu unserem Portfolio hochwertiger Liquid-Hersteller zählen unter anderem:\n    <\/p>\n    <ul class=\"brand-list\">\n      <li><a href=\"\/collections\/sc-liquid\">SC Liquids<\/a><\/li>\n      <li><a href=\"\/collections\/vampire-vape\">Vampire Vape<\/a><\/li>\n      <li><a href=\"\/collections\/innocigs-liquid\">InnoCigs Liquid<\/a><\/li>\n      <li><a href=\"\/collections\/erste-sahne\">Erste Sahne<\/a><\/li>\n      <li><a href=\"\/collections\/bad-candy-liquids\">Bad Candy Vape<\/a><\/li>\n      <li><a href=\"\/collections\/tom-klarks\">Tom Klarks<\/a><\/li>\n      <li>und viele mehr.<\/li>\n    <\/ul>\n    <p>\n      Volles Aroma und puren Geschmack erhältst du nur mit einem qualitativ hochwertigen Liquid von anspruchsvollen Herstellern. \n      Fülle deinen Warenkorb jetzt mit den besten Liquids namhafter Hersteller und Marken auf meineDampfwelt.de!\n    <\/p>\n\n    <h3>Die besten Hersteller und Marken von E-Zigaretten und Liquids auf meineDampfwelt.de<\/h3>\n    <p>\n      Akkuträger, Verdampfer, Coils, Nikotin-Shots – wer qualitativ hochwertige Produkte will, der muss auf erstklassige Hersteller setzen. \n      Wir möchten sie dir alle bieten. Dir fehlt dennoch eine bestimmte Marke oder ein Hersteller in unserem Shop? \n      Dann schreib uns einfach eine Nachricht über unser Kontaktformular mit dem Betreff „Mach meine Dampfwelt zu deiner Dampfwelt“ und lass uns wissen, \n      was wir unbedingt noch in unserem Sortiment aufnehmen sollen. Als Dank erhältst du von uns einen 10&nbsp;% Gutschein auf deine nächste Bestellung per E-Mail \n      und wir kümmern uns darum, dein Wunschprodukt so schnell wie möglich verfügbar zu machen.\n    <\/p>\n    <p>\n      Lass uns dein freundlicher und zuverlässiger Dampfershop aus der Nachbarschaft werden und schenke uns dein Vertrauen mit einer Bestellung von E-Zigaretten, \n      Verdampfern, Liquids und Zubehör direkt hier in unserem Onlineshop. Neben erstklassigen Produkten sichern wir dir auch einen astreinen Kundenservice zu, \n      der schon mit deiner ersten Bestellung beginnt:\n    <\/p>\n    <ul class=\"benefits-list\">\n      <li>Wähle aus verschiedenen sicheren und transparenten Zahlungsmöglichkeiten die für dich am besten geeignete.<\/li>\n      <li>Erhalte deine Bestellung ab einem Warenwert von 50&nbsp;Euro versandkostenfrei und<\/li>\n      <li>binnen 2 bis 3 Werktagen via DHL zu dir nach Hause geliefert.<\/li>\n    <\/ul>\n    <p>\n      Wir freuen uns, dich von unserem Kundenservice und unserem umfangreichen Angebot bombastischer Hersteller überzeugen zu können. \n      Bestelle jetzt die besten Hersteller und Marken in der Dampferszene nur bei meineDampfwelt.de!\n    <\/p>\n  <\/div>\n<\/section>","custom_css":"#seo-manufacturers .seo-wrap{\n  column-count: 1;\n  column-gap: 48px;\n  column-rule: 0;\n  orphans: 3;\n  widows: 3;\n}\n\n@media (min-width: 992px){\n  #seo-manufacturers .seo-wrap{ column-count: 2; }\n}\n\n#seo-manufacturers .seo-wrap h2,\n#seo-manufacturers .seo-wrap h3,\n#seo-manufacturers .seo-wrap p,\n#seo-manufacturers .seo-wrap ul,\n#seo-manufacturers .seo-wrap ol,\n#seo-manufacturers .seo-wrap li{\n  break-inside: avoid;\n  -webkit-column-break-inside: avoid;\n  page-break-inside: avoid;\n}\n\n#seo-manufacturers .seo-wrap h2,\n#seo-manufacturers .seo-wrap h3{ margin: 0 0 12px; }\n#seo-manufacturers .seo-wrap p{ margin: 0 0 14px; }\n#seo-manufacturers .seo-wrap ul,\n#seo-manufacturers .seo-wrap ol{ margin: 0 0 16px 1.2em; padding: 0; }\n\n#seo-manufacturers .seo-wrap a{\n  color: #ABCA20;\n  text-decoration: underline;\n}\n\n#seo-manufacturers .seo-wrap a:hover,\n#seo-manufacturers .seo-wrap a:focus{\n  text-decoration: none;\n}\n\n#seo-manufacturers .seo-wrap a:focus-visible{\n  outline: 2px solid currentColor;\n  outline-offset: 2px;\n}\np, h2, h3, li{\ncolor: white;","custom_js":"","full_width":false,"pad_top":40,"pad_bottom":40,"bg_color":"rgba(0,0,0,0)"}}},"order":["main","brand_collection_DgDbjq","brand_collection_RGfLQr","custom_liquid_WFWgMy","custom_liquid_q6XjgJ"]}