{"sections":{"main":{"type":"nov-page","disabled":true,"settings":{}},"custom_liquid_brxqhN":{"type":"custom-liquid","name":"Custom Liquid Pro","settings":{"custom_liquid":"<section id=\"mdw-hub\" class=\"mdw-page mdw-hub\" aria-label=\"Wissen, Service & Beratung – Hub\">\n  <div class=\"mdw-container\">\n    <!-- HERO -->\n    <header class=\"mdw-hero\">\n      <h1>Wissen, Service & Beratung<\/h1>\n      <p>Dein zentraler Zugang zu allen Guides, Tools und Service-Seiten – schnell, klar, alles an einem Ort.<\/p>\n    <\/header>\n\n    <!-- QUICK NAV (Chips mit Ankern) -->\n    <nav class=\"mdw-chipnav\" aria-label=\"Schnellzugriff\">\n      <a href=\"#grundlagen\"     class=\"mdw-chip\">Grundlagen<\/a>\n      <a href=\"#geraetepflege\"  class=\"mdw-chip\">Geräte &amp; Pflege<\/a>\n      <a href=\"#geschmack\"      class=\"mdw-chip\">Geschmack<\/a>\n      <a href=\"#rechtliches\"    class=\"mdw-chip\">Steuer &amp; Recht<\/a>\n      <a href=\"#service\"        class=\"mdw-chip\">Service &amp; Hilfe<\/a>\n      <a href=\"#magazin\"        class=\"mdw-chip\">Magazin<\/a>\n    <\/nav>\n\n    <!-- CONTENT -->\n    <main class=\"mdw-content\">\n\n      <!-- GRUNDLAGEN -->\n      <section id=\"grundlagen\" class=\"mdw-card mdw-block\" aria-labelledby=\"grundlagen-title\">\n        <header class=\"mdw-block__hd\">\n          <h2 id=\"grundlagen-title\">Grundlagen &amp; Wissen<\/h2>\n          <p class=\"mdw-block__sub\">Starte stark – mit schnellen, klaren Grundlagen.<\/p>\n        <\/header>\n        <div class=\"mdw-grid\">\n          <a href=\"\/pages\/dampfer-lexikon\" class=\"mdw-cardlink\">\n            <div class=\"mdw-cardlink__body\">\n              <h3>Dampfer-Lexikon<\/h3>\n              <p>Begriffe &amp; Abkürzungen verständlich erklärt – von A bis Z.<\/p>\n            <\/div>\n            <span class=\"mdw-cardlink__cta\">Los geht’s<\/span>\n          <\/a>\n\n          <a href=\"\/pages\/tipps-fur-einsteiger\" class=\"mdw-cardlink\">\n            <div class=\"mdw-cardlink__body\">\n              <h3>Tipps für Einsteiger<\/h3>\n              <p>Der smarte Einstieg: Setups, Nikotinwahl, erste Schritte.<\/p>\n            <\/div>\n            <span class=\"mdw-cardlink__cta\">Besser starten<\/span>\n          <\/a>\n\n          <a href=\"\/pages\/wissen-beratung\" class=\"mdw-cardlink\">\n            <div class=\"mdw-cardlink__body\">\n              <h3>Wissen &amp; Beratung<\/h3>\n              <p>Vertiefende Guides &amp; Antworten auf häufige Fragen.<\/p>\n            <\/div>\n            <span class=\"mdw-cardlink__cta\">Mehr wissen<\/span>\n          <\/a>\n        <\/div>\n      <\/section>\n\n      <!-- GERAETE & PFLEGE -->\n      <section id=\"geraetepflege\" class=\"mdw-card mdw-block\" aria-labelledby=\"pflege-title\">\n        <header class=\"mdw-block__hd\">\n          <h2 id=\"pflege-title\">Geräte &amp; Pflege<\/h2>\n          <p class=\"mdw-block__sub\">So bleibt dein Setup länger frisch und zuverlässig.<\/p>\n        <\/header>\n        <div class=\"mdw-grid\">\n          <a href=\"\/pages\/gerate-pflege\" class=\"mdw-cardlink\">\n            <div class=\"mdw-cardlink__body\">\n              <h3>Gerätepflege<\/h3>\n              <p>Reinigung, Wartung, Coils – Lebensdauer maximieren.<\/p>\n            <\/div>\n            <span class=\"mdw-cardlink__cta\">Pflege lernen<\/span>\n          <\/a>\n\n          <a href=\"\/pages\/hersteller-ubersicht\" class=\"mdw-cardlink\">\n            <div class=\"mdw-cardlink__body\">\n              <h3>Hersteller-Übersicht<\/h3>\n              <p>Marken, Stärken, Besonderheiten – schnell verglichen.<\/p>\n            <\/div>\n            <span class=\"mdw-cardlink__cta\">Alle Marken<\/span>\n          <\/a>\n\n          <a href=\"\/pages\/mach-meine-dampfwelt-zu-deiner-dampfwelt\" class=\"mdw-cardlink\">\n            <div class=\"mdw-cardlink__body\">\n              <h3>Unsere Mission<\/h3>\n              <p>Mach meine Dampfwelt zu deiner – Werte &amp; Versprechen.<\/p>\n            <\/div>\n            <span class=\"mdw-cardlink__cta\">Mehr erfahren<\/span>\n          <\/a>\n        <\/div>\n      <\/section>\n\n      <!-- GESCHMACK -->\n      <section id=\"geschmack\" class=\"mdw-card mdw-block\" aria-labelledby=\"geschmack-title\">\n        <header class=\"mdw-block__hd\">\n          <h2 id=\"geschmack-title\">Geschmacksrichtungen<\/h2>\n          <p class=\"mdw-block__sub\">Finde deinen Flavor – schnell &amp; zielgenau.<\/p>\n        <\/header>\n        <div class=\"mdw-grid\">\n          <a href=\"\/pages\/geschmacksrichtungen\" class=\"mdw-cardlink\">\n            <div class=\"mdw-cardlink__body\">\n              <h3>Flavor-Hub<\/h3>\n              <p>Kategorien, Profile, Empfehlungen – alles zu Aromen.<\/p>\n            <\/div>\n            <span class=\"mdw-cardlink__cta\">Geschmack finden<\/span>\n          <\/a>\n        <\/div>\n      <\/section>\n\n      <!-- RECHT & STEUER -->\n      <section id=\"rechtliches\" class=\"mdw-card mdw-block\" aria-labelledby=\"recht-title\">\n        <header class=\"mdw-block__hd\">\n          <h2 id=\"recht-title\">Steuer &amp; Recht<\/h2>\n          <p class=\"mdw-block__sub\">Was du zu Abgaben, Kennzeichnung &amp; Batteriegesetz wissen musst.<\/p>\n        <\/header>\n        <div class=\"mdw-grid\">\n          <a href=\"\/pages\/alle-infos-zur-liquidsteuer\" class=\"mdw-cardlink\">\n            <div class=\"mdw-cardlink__body\">\n              <h3>Alle Infos zur Liquidsteuer<\/h3>\n              <p>Zeitleiste, Kosten, Praxis-Tipps – kompakt &amp; aktuell.<\/p>\n            <\/div>\n            <span class=\"mdw-cardlink__cta\">Steuer verstehen<\/span>\n          <\/a>\n\n          <a href=\"\/pages\/batteriegesetzhinweise\" class=\"mdw-cardlink\">\n            <div class=\"mdw-cardlink__body\">\n              <h3>Batteriegesetz-Hinweise<\/h3>\n              <p>Rücknahme, Entsorgung, Symbole – einfach erklärt.<\/p>\n            <\/div>\n            <span class=\"mdw-cardlink__cta\">Hinweise lesen<\/span>\n          <\/a>\n        <\/div>\n      <\/section>\n\n      <!-- SERVICE -->\n      <section id=\"service\" class=\"mdw-card mdw-block\" aria-labelledby=\"service-title\">\n        <header class=\"mdw-block__hd\">\n          <h2 id=\"service-title\">Service &amp; Hilfe<\/h2>\n          <p class=\"mdw-block__sub\">Wir sind für dich da – schnell &amp; persönlich.<\/p>\n        <\/header>\n        <div class=\"mdw-grid\">\n          <a href=\"\/pages\/faq\" class=\"mdw-cardlink\">\n            <div class=\"mdw-cardlink__body\">\n              <h3>FAQ<\/h3>\n              <p>Antworten auf die häufigsten Fragen – sofort parat.<\/p>\n            <\/div>\n            <span class=\"mdw-cardlink__cta\">FAQ öffnen<\/span>\n          <\/a>\n\n          <a href=\"\/pages\/versand-lieferung\" class=\"mdw-cardlink\">\n            <div class=\"mdw-cardlink__body\">\n              <h3>Versand &amp; Lieferung<\/h3>\n              <p>Lieferzeiten, Versandarten, Tracking – alles Wichtige.<\/p>\n            <\/div>\n            <span class=\"mdw-cardlink__cta\">Infos ansehen<\/span>\n          <\/a>\n\n          <a href=\"\/pages\/kontakt\" class=\"mdw-cardlink\">\n            <div class=\"mdw-cardlink__body\">\n              <h3>Kontakt<\/h3>\n              <p>Schreib uns – wir beraten dich gerne.<\/p>\n            <\/div>\n            <span class=\"mdw-cardlink__cta\">Kontakt aufnehmen<\/span>\n          <\/a>\n        <\/div>\n      <\/section>\n\n      <!-- MAGAZIN -->\n      <section id=\"magazin\" class=\"mdw-card mdw-block\" aria-labelledby=\"magazin-title\">\n        <header class=\"mdw-block__hd\">\n          <h2 id=\"magazin-title\">Magazin &amp; Ratgeber<\/h2>\n          <p class=\"mdw-block__sub\">News, Guides &amp; Hintergründe rund ums Dampfen.<\/p>\n        <\/header>\n        <div class=\"mdw-grid\">\n          <a href=\"\/blogs\/dampf-ratgeber\" class=\"mdw-cardlink\">\n            <div class=\"mdw-cardlink__body\">\n              <h3>Dampf-Ratgeber (Blog)<\/h3>\n              <p>Aktuelle Themen, How-tos und ehrliche Empfehlungen.<\/p>\n            <\/div>\n            <span class=\"mdw-cardlink__cta\">Zum Blog<\/span>\n          <\/a>\n        <\/div>\n      <\/section>\n\n      <!-- CTA ABSCHLUSS – NOCH FRAGEN? -->\n      <section class=\"mdw-card mdw-cta mdw-cta--pro\" aria-labelledby=\"cta-title\">\n        <div class=\"mdw-cta__wrap\">\n          <div class=\"mdw-cta__copy\">\n            <h2 id=\"cta-title\">Noch Fragen?<\/h2>\n            <p>Wir helfen dir beim Finden deines perfekten Setups – schnell &amp; persönlich.<\/p>\n            <ul class=\"mdw-cta__list\" aria-label=\"Vorteile\">\n              <li>Original Ersatzteile<\/li>\n              <li>Kostenlose Beratung<\/li>\n              <li>Schnelle Lieferung<\/li>\n            <\/ul>\n          <\/div>\n          <div class=\"mdw-cta__actions\">\n            <a class=\"mdw-btn mdw-btn--primary\" href=\"\/pages\/kontakt\" aria-label=\"Kontakt aufnehmen\">\n              Kontakt aufnehmen\n              <svg viewBox=\"0 0 24 24\" width=\"18\" height=\"18\" aria-hidden=\"true\">\n                <path d=\"M5 12h14M13 5l7 7-7 7\" fill=\"none\" stroke=\"currentColor\" stroke-width=\"2\" stroke-linecap=\"round\" stroke-linejoin=\"round\"\/>\n              <\/svg>\n            <\/a>\n            <a class=\"mdw-btn mdw-btn--ghost\" href=\"\/pages\/faq\" aria-label=\"FAQ öffnen\">FAQ öffnen<\/a>\n          <\/div>\n        <\/div>\n      <\/section>\n\n    <\/main>\n  <\/div>\n<\/section>\n\n<style>\n\/* ========= CI Variablen ========= *\/\n#mdw-hub{\n  --mdw-brand:#ABCA20;\n  --mdw-bg:#17171A;\n  --mdw-card:#1C1D22;\n  --mdw-text:#E9EDF3;\n  --mdw-sub:#A4ADBA;\n  --mdw-border:#2A2D33;\n  --mdw-glow:0 0 0 1px rgba(171,202,32,.25),\n              0 10px 30px rgba(171,202,32,.22),\n              0 16px 38px rgba(0,0,0,.35);\n}\n\n\/* ========= Page Base (scoped) ========= *\/\n.mdw-page.mdw-hub{\n  background:var(--mdw-bg);\n  color:var(--mdw-text);\n  padding:clamp(24px,4vw,56px) 0;\n  font-family:\"Poppins\", system-ui, -apple-system, \"Segoe UI\", Roboto, Arial, sans-serif;\n}\n.mdw-page.mdw-hub *{ font-family:inherit; }\n.mdw-page.mdw-hub h1,\n.mdw-page.mdw-hub h2,\n.mdw-page.mdw-hub h3,\n.mdw-page.mdw-hub h4{\n  font-family:\"Orbitron\", Arial, sans-serif;\n  letter-spacing:.02em;\n}\n\n\/* Container & Hero *\/\n.mdw-container{ width:min(1100px,92vw); margin:0 auto; }\n.mdw-hero{ margin-bottom:18px; text-align:center; }\n.mdw-hero h1{ font-size:clamp(28px,3.2vw,40px); line-height:1.1; margin:0 0 8px; }\n.mdw-hero p{ color:var(--mdw-sub); margin:0; }\n\n\/* Scroll anchor offset (Sticky Header Puffer, falls vorhanden) *\/\n#mdw-hub section{ scroll-margin-top: 80px; }\n\n\/* ========= Chip Navigation ========= *\/\n.mdw-chipnav{\n  display:flex; flex-wrap:wrap; gap:10px; justify-content:center;\n  margin:18px auto 24px;\n}\n.mdw-chip{\n  display:inline-flex; align-items:center;\n  padding:10px 14px; border-radius:999px;\n  background:rgba(255,255,255,.03);\n  border:1px solid var(--mdw-border);\n  color:var(--mdw-text);\n  text-decoration:none; \/* keine Underlines *\/\n  font-weight:600; font-size:14px;\n  transition:transform .15s ease, box-shadow .25s ease, border-color .2s ease, background .2s ease;\n}\n.mdw-chip:hover{\n  background:rgba(171,202,32,.10);\n  border-color:rgba(171,202,32,.35);\n  box-shadow:var(--mdw-glow);\n  transform:translateY(-1px);\n}\n\n\/* ========= Content Grid ========= *\/\n.mdw-content{ display:grid; gap:16px; }\n\n\/* Blocks *\/\n.mdw-block{\n  background:var(--mdw-card);\n  border:1px solid var(--mdw-border);\n  border-radius:16px;\n  padding:clamp(16px,2.4vw,22px);\n}\n.mdw-block__hd h2{ margin:0 0 4px; font-size:clamp(18px,2.2vw,22px); }\n.mdw-block__sub{ margin:0 0 12px; color:var(--mdw-sub); }\n\n\/* Internal card grid *\/\n.mdw-grid{\n  display:grid; gap:12px;\n  grid-template-columns:repeat(3,1fr);\n}\n@media (max-width:980px){ .mdw-grid{ grid-template-columns:repeat(2,1fr); } }\n@media (max-width:620px){ .mdw-grid{ grid-template-columns:1fr; } }\n\n\/* Link Cards *\/\n.mdw-cardlink{\n  position:relative; display:flex; flex-direction:column; gap:10px;\n  background:rgba(255,255,255,.02);\n  border:1px solid var(--mdw-border);\n  border-radius:14px; padding:16px;\n  text-decoration:none; \/* keine Underlines *\/\n  color:var(--mdw-text);\n  transition:border-color .2s ease, box-shadow .25s ease, transform .15s ease, background .2s ease;\n}\n.mdw-cardlink:hover{\n  border-color:rgba(171,202,32,.45);\n  box-shadow:var(--mdw-glow);\n  transform:translateY(-2px);\n  background:rgba(171,202,32,.06);\n}\n.mdw-cardlink__body h3{\n  margin:0 0 6px; font-size:16px; font-weight:800;\n}\n.mdw-cardlink__body p{\n  margin:0; color:var(--mdw-sub); font-size:14px; line-height:1.55;\n}\n.mdw-cardlink__cta{\n  display:inline-flex; align-items:center;\n  color:var(--mdw-brand); font-weight:700; font-size:13px;\n}\n\n\/* ========= CTA „Noch Fragen?“ (pro) ========= *\/\n.mdw-cta{\n  display:block; \/* Grundlayout *\/\n}\n.mdw-cta--pro{\n  position: relative;\n  overflow: hidden;\n  padding: clamp(18px,2.2vw,22px);\n  border-radius: 16px;\n  border: 1px solid var(--mdw-border);\n  background:\n    radial-gradient(600px 260px at 90% -60px, rgba(171,202,32,.10), transparent 60%),\n    var(--mdw-card);\n  box-shadow: 0 10px 30px rgba(0,0,0,.28);\n}\n.mdw-cta--pro::before{\n  content:\"\";\n  position:absolute; inset:0;\n  border-radius:16px;\n  padding:1px; \/* Gradient-Outline *\/\n  background: conic-gradient(from 140deg, rgba(171,202,32,.45), rgba(171,202,32,.12), rgba(171,202,32,.45));\n  -webkit-mask: linear-gradient(#000 0 0) content-box, linear-gradient(#000 0 0);\n          mask: linear-gradient(#000 0 0) content-box, linear-gradient(#000 0 0);\n  -webkit-mask-composite: xor; mask-composite: exclude;\n  pointer-events:none;\n  opacity:.6;\n}\n.mdw-cta__wrap{\n  display:grid;\n  grid-template-columns: 1fr auto;\n  gap: 16px;\n  align-items:center;\n}\n@media (max-width: 720px){\n  .mdw-cta__wrap{ grid-template-columns: 1fr; }\n}\n.mdw-cta__copy h2{\n  margin:0 0 6px;\n  font-size: clamp(18px,2.2vw,24px);\n  font-weight: 800;\n}\n.mdw-cta__copy p{ margin:0 0 10px; color: var(--mdw-sub); }\n\n\/* Vorteil-Chips *\/\n.mdw-cta__list{\n  display:flex; flex-wrap:wrap; gap:8px 12px;\n  margin:0; padding:0; list-style:none;\n}\n.mdw-cta__list li{\n  display:inline-flex; align-items:center;\n  gap:8px; padding:8px 12px; border-radius:999px;\n  background: rgba(255,255,255,.03);\n  border:1px solid var(--mdw-border);\n  font-size:13px; color:var(--mdw-text);\n}\n.mdw-cta__list li::before{\n  content:\"\"; width:16px; height:16px; border-radius:6px;\n  background: linear-gradient(180deg, var(--mdw-brand), #9EC114);\n  mask: url('data:image\/svg+xml;utf8,<svg xmlns=\"http:\/\/www.w3.org\/2000\/svg\" fill=\"%23000\" viewBox=\"0 0 24 24\"><path d=\"M20.285 6.709a1 1 0 0 1 0 1.414l-9.19 9.19a1 1 0 0 1-1.414 0L3.715 12.55a1 1 0 1 1 1.414-1.414l5.142 5.142 8.483-8.483a1 1 0 0 1 1.531-.086z\"\/><\/svg>') center\/70% 70% no-repeat;\n}\n\n\/* CTA Actions \/ Buttons (keine Underlines, Primär weißer Text) *\/\n.mdw-cta__actions{\n  display:flex; gap:10px; flex-wrap:wrap; justify-content:flex-end;\n}\n@media (max-width:720px){\n  .mdw-cta__actions{ justify-content:flex-start; }\n}\n.mdw-btn{\n  display:inline-flex; align-items:center; gap:10px;\n  padding:12px 18px; border-radius:12px;\n  font-weight:800; text-decoration:none; \/* no underline *\/\n  transition: transform .15s ease, filter .2s ease, box-shadow .25s ease;\n  white-space:nowrap;\n}\n.mdw-btn svg{ flex:0 0 18px; }\n\n.mdw-btn--primary{\n  background: linear-gradient(180deg, var(--mdw-brand), #9EC114);\n  color:#fff;                    \/* Text weiß *\/\n  border:none;\n  box-shadow: 0 10px 24px rgba(171,202,32,.35);\n}\n.mdw-btn--primary:hover{ filter:brightness(.97); transform:translateY(-1px); }\n\n.mdw-btn--ghost{\n  background: rgba(255,255,255,.02);\n  color: var(--mdw-text);\n  border:1px solid var(--mdw-border);\n}\n.mdw-btn--ghost:hover{\n  background: rgba(171,202,32,.10);\n  border-color: rgba(171,202,32,.35);\n  box-shadow: var(--mdw-glow);\n  transform: translateY(-1px);\n}\n\n\/* Sicherheit: innerhalb der Section nie Underlines *\/\n#mdw-hub a{ text-decoration:none; }\n<\/style>","custom_css":"","custom_js":"","full_width":true,"pad_top":0,"pad_bottom":0,"bg_color":"#222222"}},"wissenundberatung_NN9bYW":{"type":"wissenundberatung","blocks":{"card_nxjPF4":{"type":"card","settings":{"title":"Dampfer‑Lexikon","description":"Alle Begriffe von A–Z verständlich erklärt – von Coil bis Zugtechnik.","url":"\/pages\/dampfer-lexikon"}},"card_WbMRt9":{"type":"card","settings":{"title":"Geschmacksrichtungen","description":"Finde dein Aroma‑Profil: von fruchtig bis cremig – inklusive Mix‑Tipps.","url":"\/pages\/geschmacksrichtungen"}},"card_nTFeUM":{"type":"card","settings":{"title":"Einsteiger‑Wissen","description":"Der perfekte Start: Gerätewahl, Nikotinstärke & häufige Fehler vermeiden.","url":"\/pages\/tipps-fur-einsteiger"}},"card_P7ae7U":{"type":"card","settings":{"title":"Geräte & Pflege","description":"So bleibt dein Gerät länger fit: Coils wechseln, reinigen & Akku sicher laden.","url":"\/pages\/gerate-pflege"}},"card_ymXxyR":{"type":"card","settings":{"title":"Liquidsteuer verstehen","description":"Alle Regelungen und Tipps, wie du beim Kauf den Überblick behältst.","url":"\/pages\/alle-infos-zur-liquidsteuer"}},"card_8z8n7P":{"type":"card","settings":{"title":"Sicherheit & Verantwortung","description":"Alles zur sicheren Nutzung und Entsorgung von Batterien & Akkus.","url":"\/pages\/batteriegesetzhinweise"}},"card_cWPeFM":{"type":"card","settings":{"title":"Hersteller‑Übersicht","description":"Vergleiche Top‑Marken und entdecke die besten Geräte & Liquids.","url":"\/pages\/hersteller-ubersicht"}},"card_CQLMEC":{"type":"card","settings":{"title":"Mach meine Dampfwelt zu deiner","description":"Werde Teil der Community: teile Setups, Erfahrungen und Tipps.","url":"\/pages\/mach-meine-dampfwelt-zu-deiner-dampfwelt"}},"card_9nYRdN":{"type":"card","settings":{"title":"FAQ","description":"Die wichtigsten Fragen auf einen Blick – schnell & verständlich beantwortet.","url":"\/pages\/faq"}},"quick_link_H37cGY":{"type":"quick_link","settings":{"label":"Nikotinstärke finden","sublabel":"Für den perfekten Start","url":"\/pages\/tipps-fur-einsteiger"}},"quick_link_yYPUVk":{"type":"quick_link","settings":{"label":"Coil wechseln & einbrennen","sublabel":"In wenigen Schritten","url":"\/pages\/gerate-pflege"}},"quick_link_wjGibD":{"type":"quick_link","settings":{"label":"Beliebte Geschmacksprofile","sublabel":"Empfehlungen & Mix","url":"\/pages\/geschmacksrichtungen"}},"quick_link_6aQtET":{"type":"quick_link","settings":{"label":"MTL vs. DL","sublabel":"Unterschiede & Tipps","url":"\/pages\/dampfer-lexikon"}},"quick_link_i9zEFD":{"type":"quick_link","settings":{"label":"Liquidsteuer","sublabel":"Das Wichtigste im Überblick","url":"\/pages\/alle-infos-zur-liquidsteuer"}},"support_link_9zejtd":{"type":"support_link","settings":{"label":"Nachricht schreiben","sublabel":"Kontaktformular","url":"\/pages\/kontaktformular"}},"support_link_Phy4HN":{"type":"support_link","settings":{"label":"Kontaktübersicht","sublabel":"E‑Mail, Telefon & Öffnungszeiten","url":"\/pages\/kontakt"}},"support_link_NMEUpt":{"type":"support_link","settings":{"label":"FAQ","sublabel":"Schnelle Antworten","url":"\/pages\/faq"}}},"block_order":["card_nxjPF4","card_WbMRt9","card_nTFeUM","card_P7ae7U","card_ymXxyR","card_8z8n7P","card_cWPeFM","card_CQLMEC","card_9nYRdN","quick_link_H37cGY","quick_link_yYPUVk","quick_link_wjGibD","quick_link_6aQtET","quick_link_i9zEFD","support_link_9zejtd","support_link_Phy4HN","support_link_NMEUpt"],"disabled":true,"custom_css":[],"name":"Wissen & Beratung","settings":{"eyebrow":"Wissen & Beratung","heading":"Die Expertenwelt","subtext":"Fundiertes Wissen, praxisnahe Tipps und klare Erklärungen rund um E‑Zigaretten – strukturiert, verlässlich und verständlich aufbereitet.","show_popular":true,"popular_heading":"Beliebte Themen","support_heading":"Kontakt & Support","support_intro":"Nicht fündig geworden? Wir helfen dir gern – schnell und fachkundig.","bg_color":"#1e1e20","brand_color":"#abca20","accent_color":"#d7ee7a","enable_footer_fix":false,"footer_selector":"","content_bottom_px":60}}},"order":["main","custom_liquid_brxqhN","wissenundberatung_NN9bYW"]}