{"sections":{"main":{"type":"nov-page","disabled":true,"custom_css":["#NovBreadcrumbs.breadcrumb_inner {padding-top: 50px; padding-bottom: 10px;}"],"settings":{}},"custom_liquid_LX7MLH":{"type":"custom-liquid","blocks":{"liquid_block_87jEfB":{"type":"liquid_block","settings":{"block_liquid":"<!-- Glossar-Hilfe Sektion (Meine Dampfwelt CI) -->\n<section id=\"glossary-help\" class=\"ga-help mdw\">\n  <div class=\"ga-help__container\">\n    <p class=\"ga-help__text\">\n      Solltest du auf einen Begriff gestoßen sein, den wir hier noch nicht erklärt haben, helfen wir dir auch sehr gerne persönlich. \n      <a href=\"\/pages\/kontakt\" class=\"ga-help__link\">Schreib uns dazu doch einfach eine Nachricht.<\/a>\n    <\/p>\n  <\/div>\n\n  <style>\n    .ga-help {\n      background: none; \/* kein Hintergrund, clean *\/\n      padding: clamp(24px, 5vw, 40px) 0;\n      text-align: center;\n    }\n    .ga-help__container {\n      max-width: 800px;\n      margin: 0 auto;\n      padding: 0 16px;\n    }\n    .ga-help__text {\n      font-size: clamp(16px, 2vw, 18px);\n      line-height: 1.6;\n      color: #0A283A; \/* CI Dunkelblau *\/\n      font-weight: 500;\n    }\n    .ga-help__link {\n      color: #BBD91C; \/* CI Grün *\/\n      font-weight: 700;\n      text-decoration: none;\n      transition: color .2s ease;\n    }\n    .ga-help__link:hover {\n      color: #7a9400; \/* dunkleres Grün beim Hover *\/\n      text-decoration: underline;\n    }\n  <\/style>\n<\/section>"}}},"block_order":["liquid_block_87jEfB"],"disabled":true,"name":"Custom Liquid Pro","settings":{"custom_liquid":"<!-- Glossar – AI styled (Meine Dampfwelt CI) – ohne Schema -->\n<section id=\"glossary-mdw\" class=\"glossary-ai mdw\">\n  <div class=\"ga__container\">\n    <p class=\"ga__intro\">\n      Du verstehst nicht alle Begriffe, die Dampfer so verwenden? Wir erklären dir hier kurz was Vaper (= Dampfer) meinen, wenn sie folgende Begriffe erwähnen:\n    <\/p>\n\n    <!-- TABS -->\n    <nav class=\"ga__tabs\" aria-label=\"Alphabetische Navigation\">\n      <ul class=\"ga__tablist\" role=\"tablist\">\n        {% assign all_groups = \"A|B|C|D|EF|GHIJKLM|N|O|P|QR|S|TU|VWXYZ\" | split: \"|\" %}\n        {% for g in all_groups %}\n          <li class=\"ga__tab-item\" role=\"tab\" data-group=\"{{ g }}\">\n            <button type=\"button\" class=\"ga__tab-btn\">\n              {% case g %}\n                {% when 'EF' %}E&nbsp;F\n                {% when 'QR' %}Q&nbsp;R\n                {% when 'TU' %}T&nbsp;U\n                {% when 'VWXYZ' %}V&nbsp;W&nbsp;X&nbsp;Y&nbsp;Z\n                {% when 'GHIJKLM' %}G&nbsp;H&nbsp;I&nbsp;J&nbsp;K&nbsp;L&nbsp;M\n                {% else %}{{ g }}\n              {% endcase %}\n            <\/button>\n            <span class=\"ga__active-indicator\" aria-hidden=\"true\"><\/span>\n          <\/li>\n        {% endfor %}\n      <\/ul>\n    <\/nav>\n\n    <!-- GROUPS (fülle hier deine Einträge) -->\n    <div class=\"ga__groups\">\n\n      <!-- A -->\n      <div class=\"ga__group\" data-group=\"A\" role=\"tabpanel\">\n        <article class=\"ga__entry\">\n          <h3 class=\"ga__term\">Airflow = Luftzufuhr<\/h3>\n          <div class=\"ga__desc\">Dies ist die Luftöffnung unterhalb oder oberhalb des Tanks. In vielen Modellen ist die Airflow regelbar, da die Luftzufuhr u.a. die Dampfentwicklung beeinflusst.<\/div>\n        <\/article>\n        <hr class=\"ga__divider\">\n        <article class=\"ga__entry\">\n          <h3 class=\"ga__term\">Aroma<\/h3>\n          <div class=\"ga__desc\">Wasserlösliche Lebensmittelaromen produzieren den Geschmack im Liquid. Als Konzentrat ist es nicht zum Dampfen geeignet – hierfür muss das Aroma mit einer Base gemischt werden.<\/div>\n        <\/article>\n      <\/div>\n\n      <!-- B -->\n      <div class=\"ga__group\" data-group=\"B\" role=\"tabpanel\">\n        <article class=\"ga__entry\">\n          <h3 class=\"ga__term\">Basen<\/h3>\n          <div class=\"ga__desc\">Grundbasis der Liquids aus Propylenglykol (PG) und pflanzlichem Glyzerin (VG) in verschiedenen Mischverhältnissen.<\/div>\n          <div class=\"ga__desc\">Häufig: 50VG\/50PG oder 70VG\/30PG – bis hin zu 100VG bzw. 100PG möglich.<\/div>\n        <\/article>\n        <hr class=\"ga__divider\">\n        <article class=\"ga__entry\">\n          <h3 class=\"ga__term\">Bottom Feeder<\/h3>\n          <div class=\"ga__desc\">Verdampfer mit aufgebohrtem 510er-Pin zur Nutzung mit Squonk-Systemen.<\/div>\n        <\/article>\n        <hr class=\"ga__divider\">\n        <article class=\"ga__entry\">\n          <h3 class=\"ga__term\">Box Mod<\/h3>\n          <div class=\"ga__desc\">Größerer Akkuträger (meist zwei austauschbare Akkus).<\/div>\n        <\/article>\n      <\/div>\n\n      <!-- C -->\n      <div class=\"ga__group\" data-group=\"C\" role=\"tabpanel\">\n        <article class=\"ga__entry\">\n          <h3 class=\"ga__term\">Clearomizer<\/h3>\n          <div class=\"ga__desc\">Oberer Teil der E-Zigarette (Verdampfer) – Deck, Coil\/Watte, Tank, Drip Tip. Meist 510er-Pin.<\/div>\n        <\/article>\n        <hr class=\"ga__divider\">\n        <article class=\"ga__entry\">\n          <h3 class=\"ga__term\">Coil<\/h3>\n          <div class=\"ga__desc\">Spirale oder Mesh-Draht, der erhitzt wird und Liquid verdampft. Auch Fertigverdampferköpfe werden „Coils“ genannt.<\/div>\n        <\/article>\n      <\/div>\n\n      <!-- D -->\n      <div class=\"ga__group\" data-group=\"D\" role=\"tabpanel\">\n        <article class=\"ga__entry\">\n          <h3 class=\"ga__term\">Deck (Build Deck)<\/h3>\n          <div class=\"ga__desc\">Bindestück zwischen Akkuträger und Verdampfer; mit 510er-Pin unten, Schraubverbindungen\/Coil-Platz\/Watte\/Tank-Befestigung oben.<\/div>\n        <\/article>\n        <hr class=\"ga__divider\">\n        <article class=\"ga__entry\">\n          <h3 class=\"ga__term\">Drip Tip (=Mundstück)<\/h3>\n          <div class=\"ga__desc\">Beeinflusst das Dampferlebnis; 510er\/810er sind üblich. Längere Tips kühlen mehr.<\/div>\n        <\/article>\n        <hr class=\"ga__divider\">\n        <article class=\"ga__entry\">\n          <h3 class=\"ga__term\">Dry-Hit<\/h3>\n          <div class=\"ga__desc\">Befeuern ohne Liquid → verbrannter Geschmack; unbedingt vermeiden.<\/div>\n        <\/article>\n        <hr class=\"ga__divider\">\n        <article class=\"ga__entry\">\n          <h3 class=\"ga__term\">DTL \/ DL<\/h3>\n          <div class=\"ga__desc\">Direct-to-Lung: Zug direkt in die Lunge, oft bei geringen Widerständen (&lt;= 0,5 Ω).<\/div>\n        <\/article>\n      <\/div>\n\n      <!-- EF -->\n      <div class=\"ga__group\" data-group=\"EF\" role=\"tabpanel\">\n        <article class=\"ga__entry\">\n          <h3 class=\"ga__term\">E-Shisha<\/h3>\n          <div class=\"ga__desc\">Bezeichnung für Subohm- bzw. DTL-Geräte.<\/div>\n        <\/article>\n        <hr class=\"ga__divider\">\n        <article class=\"ga__entry\">\n          <h3 class=\"ga__term\">Flash<\/h3>\n          <div class=\"ga__desc\">Gefühl\/Wirkungseintritt des Nikotins beim Dampfen.<\/div>\n        <\/article>\n      <\/div>\n\n      <!-- GHIJKLM -->\n      <div class=\"ga__group\" data-group=\"GHIJKLM\" role=\"tabpanel\">\n        <article class=\"ga__entry\">\n          <h3 class=\"ga__term\">Longfills<\/h3>\n          <div class=\"ga__desc\">Vorgefülltes Aroma in großer Flasche; mit Base (+ ggf. Shots) auf Endvolumen auffüllen.<\/div>\n        <\/article>\n        <hr class=\"ga__divider\">\n        <article class=\"ga__entry\">\n          <h3 class=\"ga__term\">Mesh<\/h3>\n          <div class=\"ga__desc\">Metall-Gitter als Heizmodul anstelle einer Spirale.<\/div>\n        <\/article>\n        <hr class=\"ga__divider\">\n        <article class=\"ga__entry\">\n          <h3 class=\"ga__term\">MTL<\/h3>\n          <div class=\"ga__desc\">Mouth-to-Lung („Backendampfen“). Zunächst im Mund sammeln, dann inhalieren; höherer Widerstand empfehlenswert.<\/div>\n        <\/article>\n      <\/div>\n\n      <!-- N -->\n      <div class=\"ga__group\" data-group=\"N\" role=\"tabpanel\">\n        <article class=\"ga__entry\">\n          <h3 class=\"ga__term\">Nikotin<\/h3>\n          <div class=\"ga__desc\">Farbloses, wasserlösliches Alkaloid; triggert u.a. Dopamin („Glückshormon“) → Flash.<\/div>\n        <\/article>\n        <hr class=\"ga__divider\">\n        <article class=\"ga__entry\">\n          <h3 class=\"ga__term\">Nikotinsalz<\/h3>\n          <div class=\"ga__desc\">Nikotin in Salzform; sanfter, späterer\/längerer Flash. Verkauf i.d.R. bis 20 mg\/ml in der EU.<\/div>\n        <\/article>\n        <hr class=\"ga__divider\">\n        <article class=\"ga__entry\">\n          <h3 class=\"ga__term\">Nikotin-Shots<\/h3>\n          <div class=\"ga__desc\">Freies Nikotin („Nic-Shots“) mit hohem pH-Wert; stärkerer Throat-Hit. Üblich bis 20 mg\/ml in der EU.<\/div>\n        <\/article>\n      <\/div>\n\n      <!-- O -->\n      <div class=\"ga__group\" data-group=\"O\" role=\"tabpanel\">\n        <article class=\"ga__entry\">\n          <h3 class=\"ga__term\">Ohm<\/h3>\n          <div class=\"ga__desc\">Einheit des elektrischen Widerstands. Niedriger Widerstand → höherer Stromfluss.<\/div>\n        <\/article>\n        <hr class=\"ga__divider\">\n        <article class=\"ga__entry\">\n          <h3 class=\"ga__term\">Open Draw<\/h3>\n          <div class=\"ga__desc\">DTL-Verdampfer mit sehr geringem Widerstand und weit geöffneter Airflow → sehr viel Dampf.<\/div>\n        <\/article>\n      <\/div>\n\n      <!-- P -->\n      <div class=\"ga__group\" data-group=\"P\" role=\"tabpanel\">\n        <article class=\"ga__entry\">\n          <h3 class=\"ga__term\">Pin (510er-Pin)<\/h3>\n          <div class=\"ga__desc\">Standard-Anschluss zwischen Verdampfer und Akkuträger (M7 × 0,5 Gewinde).<\/div>\n        <\/article>\n        <hr class=\"ga__divider\">\n        <article class=\"ga__entry\">\n          <h3 class=\"ga__term\">PG<\/h3>\n          <div class=\"ga__desc\">Propylenglykol; klare, wasseranziehende Flüssigkeit (E1520). Mit VG Basis der Liquids.<\/div>\n        <\/article>\n        <hr class=\"ga__divider\">\n        <article class=\"ga__entry\">\n          <h3 class=\"ga__term\">Pod<\/h3>\n          <div class=\"ga__desc\">Wechsel-Module (oft systemgebunden), teils nach Verbrauch komplett zu tauschen.<\/div>\n        <\/article>\n      <\/div>\n\n      <!-- QR -->\n      <div class=\"ga__group\" data-group=\"QR\" role=\"tabpanel\">\n        <article class=\"ga__entry\">\n          <h3 class=\"ga__term\">RDA<\/h3>\n          <div class=\"ga__desc\">Rebuildable Dripping Atomizer (Tröpfler) ohne Tank; Liquid wird direkt auf Watte geträufelt.<\/div>\n        <\/article>\n        <hr class=\"ga__divider\">\n        <article class=\"ga__entry\">\n          <h3 class=\"ga__term\">RTA<\/h3>\n          <div class=\"ga__desc\">Rebuildable Tank Atomizer; Selbstwickel-Coil im Tankbetrieb.<\/div>\n        <\/article>\n        <hr class=\"ga__divider\">\n        <article class=\"ga__entry\">\n          <h3 class=\"ga__term\">RDTA<\/h3>\n          <div class=\"ga__desc\">Rebuildable Dripper Tank Atomizer; Tröpfel-Deck oben, Tank darunter (Kapillarwirkung).<\/div>\n        <\/article>\n      <\/div>\n\n      <!-- S -->\n      <div class=\"ga__group\" data-group=\"S\" role=\"tabpanel\">\n        <article class=\"ga__entry\">\n          <h3 class=\"ga__term\">Shake’n’Vapes \/ Shortfills<\/h3>\n          <div class=\"ga__desc\">Große Flasche mit Platz für Shots\/NicSalt zum Selbstmischen.<\/div>\n        <\/article>\n        <hr class=\"ga__divider\">\n        <article class=\"ga__entry\">\n          <h3 class=\"ga__term\">Spitbacks<\/h3>\n          <div class=\"ga__desc\">Spritzen von Liquid durch das Mundstück; häufig bei zu hohem Durchfluss.<\/div>\n        <\/article>\n        <hr class=\"ga__divider\">\n        <article class=\"ga__entry\">\n          <h3 class=\"ga__term\">Sweet Spot<\/h3>\n          <div class=\"ga__desc\">Persönlich bestes Dampferlebnis; abhängig von Liquid, Leistung, Temperatur & Luftzufuhr.<\/div>\n        <\/article>\n      <\/div>\n\n      <!-- TU -->\n      <div class=\"ga__group\" data-group=\"TU\" role=\"tabpanel\">\n        <article class=\"ga__entry\">\n          <h3 class=\"ga__term\">Throat-Hit<\/h3>\n          <div class=\"ga__desc\">Kratziges\/kribbeliges Gefühl im Hals durch Nikotin.<\/div>\n        <\/article>\n        <hr class=\"ga__divider\">\n        <article class=\"ga__entry\">\n          <h3 class=\"ga__term\">Tube Mod<\/h3>\n          <div class=\"ga__desc\">Zylindrischer Akkuträger („Stick“), oft mit fest verbautem Akku.<\/div>\n        <\/article>\n      <\/div>\n\n      <!-- VWXYZ -->\n      <div class=\"ga__group\" data-group=\"VWXYZ\" role=\"tabpanel\">\n        <article class=\"ga__entry\">\n          <h3 class=\"ga__term\">VG<\/h3>\n          <div class=\"ga__desc\">Pflanzliches Glyzerin (E422); zähflüssig, feuchtigkeitsbindend, sorgt für dichten Dampf.<\/div>\n        <\/article>\n        <hr class=\"ga__divider\">\n        <article class=\"ga__entry\">\n          <h3 class=\"ga__term\">Volt<\/h3>\n          <div class=\"ga__desc\">Maßeinheit der Spannung; bestimmt u.a. wie viel Leistung der Verdampfer abgibt.<\/div>\n        <\/article>\n        <hr class=\"ga__divider\">\n        <article class=\"ga__entry\">\n          <h3 class=\"ga__term\">Watt<\/h3>\n          <div class=\"ga__desc\">Leistung (P = U² \/ R). Beeinflusst Heizverhalten und Dampfmenge.<\/div>\n        <\/article>\n      <\/div>\n\n    <\/div>\n  <\/div>\n\n  <style>\n    \/* ====== Meine Dampfwelt CI ====== *\/\n    :root{\n      --ga-green:  #BBD91C; \/* CI Grün *\/\n      --ga-green2: #D5F24A; \/* helleres Grün *\/\n      --ga-navy:   #0A283A; \/* CI Dunkelblau *\/\n      --ga-muted:  #5C7384; \/* Sekundärtext *\/\n      --ga-border: #E5ECF1;\n      --ga-glow:   var(--ga-green);\n      --ga-max:    1080px;\n    }\n\n    .glossary-ai.mdw{\n      color: var(--ga-navy);\n      font-family: ui-sans-serif, system-ui, -apple-system, Segoe UI, Roboto, 'Helvetica Neue', Arial;\n    }\n    .ga__container{ max-width:var(--ga-max); margin:0 auto; padding: clamp(10px, 2.2vw, 18px); }\n    .ga__intro{ margin:0 0 16px; color:var(--ga-muted); line-height:1.65; font-size:15.5px; }\n\n    \/* Tabs *\/\n    .ga__tabs{ position:relative; margin:0 0 16px; padding-bottom:9px; border-bottom:1px solid var(--ga-border); }\n    .ga__tablist{ list-style:none; margin:0; padding:0; display:flex; flex-wrap:wrap; gap: clamp(14px, 2.1vw, 24px); align-items:flex-end; }\n    .ga__tab-item{ position:relative; line-height:1; display:flex; align-items:center; }\n    .ga__tab-btn{\n      background: linear-gradient(180deg, rgba(255,255,255,.55), rgba(255,255,255,.12));\n      -webkit-backdrop-filter: blur(6px); backdrop-filter: blur(6px);\n      border:1px solid rgba(10,40,58,.08);\n      border-radius:10px;\n      padding:6px 10px;\n      font-weight:800; letter-spacing:.04em; color:var(--ga-navy);\n      transition: transform .15s ease, box-shadow .2s ease, background .2s ease, color .2s ease;\n    }\n    .ga__tab-btn:hover{\n      transform: translateY(-1px);\n      box-shadow: 0 8px 22px -10px color-mix(in srgb, var(--ga-glow) 38%, transparent);\n    }\n    .ga__tab-item.is-active .ga__tab-btn{\n      color:#0A283A;\n      box-shadow: 0 16px 34px -18px color-mix(in srgb, var(--ga-glow) 48%, transparent);\n    }\n    .ga__active-indicator{\n      position:absolute; left:6px; right:6px; height:6px; bottom:-12px; border-radius:3px;\n      background: linear-gradient(90deg, var(--ga-green), var(--ga-green2));\n      opacity:0; transform: translateY(6px); transition: all .25s ease;\n      filter: drop-shadow(0 2px 10px color-mix(in srgb, var(--ga-green) 42%, transparent));\n    }\n    .ga__tab-item.is-active .ga__active-indicator{ opacity:1; transform: translateY(0); }\n\n    \/* Groups \/ Entries *\/\n    .ga__groups{ padding-top:10px; }\n    .ga__group{ display:none; }\n    .ga__group.is-visible{ display:block; }\n    .ga__entry{\n      padding: clamp(8px, .9vw, 14px) clamp(6px, .6vw, 10px);\n      border-radius:16px;\n      background:\n        linear-gradient(180deg, rgba(255,255,255,.6), rgba(255,255,255,.28)) padding-box,\n        linear-gradient(90deg, rgba(255,255,255,0), rgba(10,40,58,.08), rgba(255,255,255,0)) border-box;\n      border:1px solid rgba(10,40,58,.08);\n    }\n    .ga__term{ margin:0 0 8px; font-size: clamp(18px, 2.2vw, 21px); font-weight:900; letter-spacing:.2px; color:#0A283A; }\n    .ga__desc{ margin:0 0 16px; color:var(--ga-muted); line-height:1.75; font-size:16px; }\n    .ga__divider{ border:0; height:1px; margin:16px 0 18px; background: linear-gradient(90deg, rgba(10,40,58,.08), rgba(10,40,58,.03) 45%, rgba(10,40,58,.08)); }\n\n    \/* Empty State (falls eine Gruppe leer ist) *\/\n    .ga__empty{ display:none; align-items:center; padding:18px 6px; color:var(--ga-muted); }\n    .ga__empty-inner{ display:flex; align-items:center; gap:10px; }\n    .ga__pulse{\n      width:10px; height:10px; border-radius:50%;\n      background: radial-gradient(closest-side, var(--ga-green), var(--ga-green2));\n      box-shadow: 0 0 0 0 color-mix(in srgb, var(--ga-green) 40%, transparent);\n      animation: gaPulse 1.4s infinite;\n    }\n    @keyframes gaPulse{\n      0%{ box-shadow: 0 0 0 0 color-mix(in srgb, var(--ga-green) 40%, transparent); transform: scale(1); }\n      70%{ box-shadow: 0 0 0 10px transparent; transform: scale(1.08); }\n      100%{ box-shadow: 0 0 0 0 transparent; transform: scale(1); }\n    }\n\n    @media (max-width: 720px){\n      .ga__tablist{ gap:14px; }\n      .ga__tab-btn{ font-size:14.5px; }\n      .ga__intro{ font-size:14.5px; }\n      .ga__desc{ font-size:15.5px; }\n    }\n  <\/style>\n\n  <script>\n    (() => {\n      const DEFAULT_GROUP = 'A'; \/\/ <- Start-Tab hier einstellen\n      const root   = document.getElementById('glossary-mdw');\n      const tabs   = root.querySelectorAll('.ga__tab-item');\n      const groups = root.querySelectorAll('.ga__group');\n\n      function show(group){\n        groups.forEach(el => el.classList.toggle('is-visible', el.dataset.group === group));\n        tabs.forEach(el => el.classList.toggle('is-active', el.dataset.group === group));\n        \/\/ Empty-State sichtbar, wenn Gruppe leer ist:\n        const g = Array.from(groups).find(el => el.dataset.group === group);\n        if(g){\n          const hasEntries = g.querySelector('.ga__entry') !== null;\n          let empty = g.querySelector('.ga__empty');\n          if(!empty){\n            empty = document.createElement('div');\n            empty.className = 'ga__empty';\n            empty.innerHTML = '<div class=\"ga__empty-inner\"><span class=\"ga__pulse\"><\/span><p>Für diese Gruppe sind noch keine Begriffe hinterlegt.<\/p><\/div>';\n            g.appendChild(empty);\n          }\n          empty.style.display = hasEntries ? 'none' : 'flex';\n        }\n      }\n\n      tabs.forEach(tab=>{\n        const btn = tab.querySelector('.ga__tab-btn');\n        btn.addEventListener('click', () => show(tab.dataset.group));\n      });\n\n      show(DEFAULT_GROUP);\n    })();\n  <\/script>\n<\/section>","custom_css":"\/* Eigene CSS-Regeln hier einfügen *\/","custom_js":"\/\/ Eigene JS-Skripte hier einfügen","full_width":false,"pad_top":0,"pad_bottom":40,"bg_color":"rgba(0,0,0,0)"}},"custom_liquid_KK8Tey":{"type":"custom-liquid","name":"Custom Liquid Pro","settings":{"custom_liquid":"<section class=\"mdw-page shipping-policy\">\n  <div class=\"mdw-container\">\n    <header class=\"mdw-hero\">\n      <h1>Dampfer-Lexikon<\/h1>\n      <p>Fachbegriffe & Abkürzungen rund ums Dampfen – kurz & verständlich erklärt.<\/p>\n    <\/header>\n\n    <div class=\"mdw-layout\">\n      <!-- Sidebar -->\n      <aside class=\"mdw-sidebar\" aria-label=\"Service & Hilfe\">\n        <h2 class=\"mdw-sidebar-title\">Service & Hilfe<\/h2>\n        <nav class=\"mdw-nav\">\n          <a href=\"\/pages\/kontakt\">Hilfe & Kontakt<\/a>\n          <a href=\"\/account\">Mein Konto<\/a>\n          <a href=\"\/pages\/faq\">FAQ<\/a>\n          <a href=\"\/pages\/versand-lieferung\">Versand & Lieferung<\/a>\n          <a href=\"\/pages\/alle-infos-zur-liquidsteuer\">Alle Infos zur Liquidsteuer<\/a>\n          <a href=\"\/blogs\/dampf-ratgeber\">Dampf-Ratgeber<\/a>\n          <a href=\"\/pages\/dampfer-lexikon\" aria-current=\"page\">Dampfer Lexikon<\/a>\n        <\/nav>\n      <\/aside>\n\n      <!-- Content -->\n      <main class=\"mdw-content\">\n        <!-- Intro -->\n        <section class=\"mdw-card\">\n          <h2>So nutzt du das Lexikon<\/h2>\n          <p>Wähle oben einen Buchstaben-Bereich und klappe die Begriffe aus. Fehlt etwas? Schreib uns über <a href=\"\/pages\/kontakt\">Hilfe & Kontakt<\/a>.<\/p>\n        <\/section>\n\n        <!-- Tabs -->\n        <section class=\"mdw-card\">\n          <nav class=\"gx-tabs\" aria-label=\"Alphabetische Navigation\">\n            <ul class=\"gx-tablist\" role=\"tablist\">\n              <!-- Gleiche Gruppierung wie auf der alten Seite -->\n              <li class=\"gx-tab\" role=\"tab\" data-group=\"A\"><button type=\"button\">A<\/button><span class=\"gx-ind\"><\/span><\/li>\n              <li class=\"gx-tab\" role=\"tab\" data-group=\"B\"><button type=\"button\">B<\/button><span class=\"gx-ind\"><\/span><\/li>\n              <li class=\"gx-tab\" role=\"tab\" data-group=\"C\"><button type=\"button\">C<\/button><span class=\"gx-ind\"><\/span><\/li>\n              <li class=\"gx-tab\" role=\"tab\" data-group=\"D\"><button type=\"button\">D<\/button><span class=\"gx-ind\"><\/span><\/li>\n              <li class=\"gx-tab\" role=\"tab\" data-group=\"EF\"><button type=\"button\">E&nbsp;F<\/button><span class=\"gx-ind\"><\/span><\/li>\n              <li class=\"gx-tab\" role=\"tab\" data-group=\"GHIJKLM\"><button type=\"button\">G&nbsp;H&nbsp;I&nbsp;J&nbsp;K&nbsp;L&nbsp;M<\/button><span class=\"gx-ind\"><\/span><\/li>\n              <li class=\"gx-tab\" role=\"tab\" data-group=\"N\"><button type=\"button\">N<\/button><span class=\"gx-ind\"><\/span><\/li>\n              <li class=\"gx-tab\" role=\"tab\" data-group=\"O\"><button type=\"button\">O<\/button><span class=\"gx-ind\"><\/span><\/li>\n              <li class=\"gx-tab\" role=\"tab\" data-group=\"P\"><button type=\"button\">P<\/button><span class=\"gx-ind\"><\/span><\/li>\n              <li class=\"gx-tab\" role=\"tab\" data-group=\"QR\"><button type=\"button\">Q&nbsp;R<\/button><span class=\"gx-ind\"><\/span><\/li>\n              <li class=\"gx-tab\" role=\"tab\" data-group=\"S\"><button type=\"button\">S<\/button><span class=\"gx-ind\"><\/span><\/li>\n              <li class=\"gx-tab\" role=\"tab\" data-group=\"TU\"><button type=\"button\">T&nbsp;U<\/button><span class=\"gx-ind\"><\/span><\/li>\n              <li class=\"gx-tab\" role=\"tab\" data-group=\"VWXYZ\"><button type=\"button\">V&nbsp;W&nbsp;X&nbsp;Y&nbsp;Z<\/button><span class=\"gx-ind\"><\/span><\/li>\n            <\/ul>\n          <\/nav>\n        <\/section>\n\n        <!-- Groups -->\n        <section class=\"mdw-card gx-groups\">\n\n          <!-- A -->\n          <div class=\"gx-group\" data-group=\"A\" role=\"tabpanel\">\n            <article class=\"gx-entry\">\n              <h3 class=\"gx-term\">Airflow = Luftzufuhr<\/h3>\n              <p class=\"gx-desc\">Luftöffnung am Verdampfer, oft regelbar. Beeinflusst u. a. Dampfmenge, Temperatur & Geräusch.<\/p>\n            <\/article>\n            <hr class=\"gx-div\">\n            <article class=\"gx-entry\">\n              <h3 class=\"gx-term\">Aroma<\/h3>\n              <p class=\"gx-desc\">Wasserlösliche Lebensmittelaromen erzeugen den Geschmack. Als Konzentrat nicht dampfbar – erst mit Base mischen.<\/p>\n            <\/article>\n          <\/div>\n\n          <!-- B -->\n          <div class=\"gx-group\" data-group=\"B\" role=\"tabpanel\">\n            <article class=\"gx-entry\">\n              <h3 class=\"gx-term\">Basen<\/h3>\n              <p class=\"gx-desc\">PG\/VG-Grundbasis in Mischungen wie 50\/50, 70\/30, bis hin zu 100VG\/100PG.<\/p>\n            <\/article>\n            <hr class=\"gx-div\">\n            <article class=\"gx-entry\">\n              <h3 class=\"gx-term\">Bottom Feeder<\/h3>\n              <p class=\"gx-desc\">Verdampfer mit Squonk-Pin (gebohrter 510er) zur Nutzung mit Squonk-Mods.<\/p>\n            <\/article>\n            <hr class=\"gx-div\">\n            <article class=\"gx-entry\">\n              <h3 class=\"gx-term\">Box Mod<\/h3>\n              <p class=\"gx-desc\">Größerer Akkuträger, oft mit zwei austauschbaren Akkus.<\/p>\n            <\/article>\n          <\/div>\n\n          <!-- C -->\n          <div class=\"gx-group\" data-group=\"C\" role=\"tabpanel\">\n            <article class=\"gx-entry\">\n              <h3 class=\"gx-term\">Clearomizer<\/h3>\n              <p class=\"gx-desc\">Kompletter Verdampfer: Deck\/Coil\/Watte, Tank, Drip Tip (meist 510er-Anschluss).<\/p>\n            <\/article>\n            <hr class=\"gx-div\">\n            <article class=\"gx-entry\">\n              <h3 class=\"gx-term\">Coil<\/h3>\n              <p class=\"gx-desc\">Heizelement (Spirale oder Mesh), das das Liquid verdampft. Auch Fertigköpfe heißen „Coils“.<\/p>\n            <\/article>\n          <\/div>\n\n          <!-- D -->\n          <div class=\"gx-group\" data-group=\"D\" role=\"tabpanel\">\n            <article class=\"gx-entry\">\n              <h3 class=\"gx-term\">Deck (Build Deck)<\/h3>\n              <p class=\"gx-desc\">Befestigungspunkt für die Wicklung(en) inkl. Watteaufnahme; unten 510er-Pin.<\/p>\n            <\/article>\n            <hr class=\"gx-div\">\n            <article class=\"gx-entry\">\n              <h3 class=\"gx-term\">Drip Tip (= Mundstück)<\/h3>\n              <p class=\"gx-desc\">Beeinflusst Wärme, Zuggefühl & Geschmack. 510er\/810er üblich; längere Tips kühlen mehr.<\/p>\n            <\/article>\n            <hr class=\"gx-div\">\n            <article class=\"gx-entry\">\n              <h3 class=\"gx-term\">Dry-Hit<\/h3>\n              <p class=\"gx-desc\">Befeuern mit trockener Watte → verbrannter\/kokeliger Geschmack. Sofort pausieren & Ursache beheben.<\/p>\n            <\/article>\n            <hr class=\"gx-div\">\n            <article class=\"gx-entry\">\n              <h3 class=\"gx-term\">DTL \/ DL<\/h3>\n              <p class=\"gx-desc\">Direct-to-Lung: Zug direkt in die Lunge, häufig mit geringem Widerstand (≤ 0,5&nbsp;Ω).<\/p>\n            <\/article>\n          <\/div>\n\n          <!-- EF -->\n          <div class=\"gx-group\" data-group=\"EF\" role=\"tabpanel\">\n            <article class=\"gx-entry\">\n              <h3 class=\"gx-term\">E-Shisha<\/h3>\n              <p class=\"gx-desc\">Umgangssprachlich für leistungsstarke DTL-\/Subohm-Geräte.<\/p>\n            <\/article>\n            <hr class=\"gx-div\">\n            <article class=\"gx-entry\">\n              <h3 class=\"gx-term\">Flash<\/h3>\n              <p class=\"gx-desc\">Wahrnehmung des Nikotins („Kick“). Intensität u. a. abhängig von Nikotinstärke und PG-Anteil.<\/p>\n            <\/article>\n          <\/div>\n\n          <!-- GHIJKLM -->\n          <div class=\"gx-group\" data-group=\"GHIJKLM\" role=\"tabpanel\">\n            <article class=\"gx-entry\">\n              <h3 class=\"gx-term\">Longfills<\/h3>\n              <p class=\"gx-desc\">Hochkonzentriertes Aroma in großer Flasche. Mit Base (und ggf. Nikotin) bis zur Markierung auffüllen.<\/p>\n            <\/article>\n            <hr class=\"gx-div\">\n            <article class=\"gx-entry\">\n              <h3 class=\"gx-term\">Mesh<\/h3>\n              <p class=\"gx-desc\">Metall-Gitter als Heizelement statt Drahtspirale – große Fläche, oft gleichmäßigeres Verdampfen.<\/p>\n            <\/article>\n            <hr class=\"gx-div\">\n            <article class=\"gx-entry\">\n              <h3 class=\"gx-term\">MTL<\/h3>\n              <p class=\"gx-desc\">Mouth-to-Lung („Backendampfen“): erst in den Mund, dann in die Lunge. Meist höherer Widerstand\/geringere Leistung.<\/p>\n            <\/article>\n          <\/div>\n\n          <!-- N -->\n          <div class=\"gx-group\" data-group=\"N\" role=\"tabpanel\">\n            <article class=\"gx-entry\">\n              <h3 class=\"gx-term\">Nikotin<\/h3>\n              <p class=\"gx-desc\">Wasserlösliches Alkaloid; erzeugt u. a. den „Flash“ (Dopamintrigger).<\/p>\n            <\/article>\n            <hr class=\"gx-div\">\n            <article class=\"gx-entry\">\n              <h3 class=\"gx-term\">Nikotinsalz<\/h3>\n              <p class=\"gx-desc\">Nikotin in Salzform; subjektiv sanfter, ermöglicht höhere Stärken bei moderatem Throat-Hit (EU meist bis 20&nbsp;mg\/ml).<\/p>\n            <\/article>\n            <hr class=\"gx-div\">\n            <article class=\"gx-entry\">\n              <h3 class=\"gx-term\">Nikotin-Shots<\/h3>\n              <p class=\"gx-desc\">Freies Nikotin (meist 20&nbsp;mg\/ml in EU) zum Aufmischen mit Short\/Longfills.<\/p>\n            <\/article>\n          <\/div>\n\n          <!-- O -->\n          <div class=\"gx-group\" data-group=\"O\" role=\"tabpanel\">\n            <article class=\"gx-entry\">\n              <h3 class=\"gx-term\">Ohm<\/h3>\n              <p class=\"gx-desc\">Einheit des elektrischen Widerstands. Weniger Ohm → mehr Strom → mehr Leistung\/Hitze (bei gleicher Spannung).<\/p>\n            <\/article>\n            <hr class=\"gx-div\">\n            <article class=\"gx-entry\">\n              <h3 class=\"gx-term\">Open Draw<\/h3>\n              <p class=\"gx-desc\">Sehr offener Zug (große Airflow) mit niedrigen Widerständen → viel Dampf.<\/p>\n            <\/article>\n          <\/div>\n\n          <!-- P -->\n          <div class=\"gx-group\" data-group=\"P\" role=\"tabpanel\">\n            <article class=\"gx-entry\">\n              <h3 class=\"gx-term\">Pin (510er-Pin)<\/h3>\n              <p class=\"gx-desc\">Standard-Anschluss Verdampfer\/Akkuträger (M7 × 0,5).<\/p>\n            <\/article>\n            <hr class=\"gx-div\">\n            <article class=\"gx-entry\">\n              <h3 class=\"gx-term\">PG<\/h3>\n              <p class=\"gx-desc\">Propylenglykol (E1520); dünnflüssig, trägt Geschmack & erzeugt Throat-Hit. Basisbestandteil von Liquids.<\/p>\n            <\/article>\n            <hr class=\"gx-div\">\n            <article class=\"gx-entry\">\n              <h3 class=\"gx-term\">Pod<\/h3>\n              <p class=\"gx-desc\">Wechselmodul (Tank+Coil) bei Pod-Systemen; teils komplett zu tauschen.<\/p>\n            <\/article>\n          <\/div>\n\n          <!-- QR -->\n          <div class=\"gx-group\" data-group=\"QR\" role=\"tabpanel\">\n            <article class=\"gx-entry\">\n              <h3 class=\"gx-term\">RDA<\/h3>\n              <p class=\"gx-desc\">Rebuildable Dripping Atomizer (Tröpfler) ohne Tank – Liquid direkt auf die Watte.<\/p>\n            <\/article>\n            <hr class=\"gx-div\">\n            <article class=\"gx-entry\">\n              <h3 class=\"gx-term\">RTA<\/h3>\n              <p class=\"gx-desc\">Rebuildable Tank Atomizer – Selbstwickel-Deck im Tank.<\/p>\n            <\/article>\n            <hr class=\"gx-div\">\n            <article class=\"gx-entry\">\n              <h3 class=\"gx-term\">RDTA<\/h3>\n              <p class=\"gx-desc\">Kombi: Dripper-Deck oben, Tank unten; Nachfluss per Kapillarwirkung\/Watte.<\/p>\n            <\/article>\n          <\/div>\n\n          <!-- S -->\n          <div class=\"gx-group\" data-group=\"S\" role=\"tabpanel\">\n            <article class=\"gx-entry\">\n              <h3 class=\"gx-term\">Shake’n’Vapes \/ Shortfills<\/h3>\n              <p class=\"gx-desc\">Große Flasche mit Platz für Shots; mit Nikotin\/Base auffüllen, schütteln, reifen lassen (je nach Aroma).<\/p>\n            <\/article>\n            <hr class=\"gx-div\">\n            <article class=\"gx-entry\">\n              <h3 class=\"gx-term\">Spitbacks<\/h3>\n              <p class=\"gx-desc\">Spritzendes Liquid im Mundstück – meist zu hoher Nachfluss\/zu geringe Leistung → Airflow\/Leistung anpassen.<\/p>\n            <\/article>\n            <hr class=\"gx-div\">\n            <article class=\"gx-entry\">\n              <h3 class=\"gx-term\">Sweet Spot<\/h3>\n              <p class=\"gx-desc\">Individuelle „Wohlfühl-Einstellung“ (Leistung\/Temperatur\/Luft) für besten Geschmack & Dampf.<\/p>\n            <\/article>\n          <\/div>\n\n          <!-- TU -->\n          <div class=\"gx-group\" data-group=\"TU\" role=\"tabpanel\">\n            <article class=\"gx-entry\">\n              <h3 class=\"gx-term\">Throat-Hit<\/h3>\n              <p class=\"gx-desc\">Kratziges\/kribbeliges Gefühl im Hals – stärker bei mehr Nikotin, höherem PG und höherer Leistung.<\/p>\n            <\/article>\n            <hr class=\"gx-div\">\n            <article class=\"gx-entry\">\n              <h3 class=\"gx-term\">Tube Mod<\/h3>\n              <p class=\"gx-desc\">Zylinder-Akkuträger („Stick“), oft mit fest verbautem Akku.<\/p>\n            <\/article>\n          <\/div>\n\n          <!-- VWXYZ -->\n          <div class=\"gx-group\" data-group=\"VWXYZ\" role=\"tabpanel\">\n            <article class=\"gx-entry\">\n              <h3 class=\"gx-term\">VG<\/h3>\n              <p class=\"gx-desc\">Vegetable Glycerin (E422); zähflüssig, bindet Feuchtigkeit, sorgt für dichten Dampf.<\/p>\n            <\/article>\n            <hr class=\"gx-div\">\n            <article class=\"gx-entry\">\n              <h3 class=\"gx-term\">Volt<\/h3>\n              <p class=\"gx-desc\">Einheit der Spannung (U). Zusammen mit Ohm bestimmt sie die Leistung.<\/p>\n            <\/article>\n            <hr class=\"gx-div\">\n            <article class=\"gx-entry\">\n              <h3 class=\"gx-term\">Watt<\/h3>\n              <p class=\"gx-desc\">Leistung (P = U²\/R). Beeinflusst Heizverhalten, Temperatur und Dampfmenge.<\/p>\n            <\/article>\n          <\/div>\n\n        <\/section>\n      <\/main>\n    <\/div>\n  <\/div>\n<\/section>\n\n<style>\n\/* === Meine Dampfwelt — Dark Design (Systemfont) === *\/\n:root{\n  --mdw-brand:#ABCA20;\n  --mdw-bg:#17171A;           \/* fix wie gewünscht *\/\n  --mdw-card:#1B1D22;\n  --mdw-text:#E9EDF3;\n  --mdw-sub:#9AA3B2;\n  --mdw-border:#2A303A;\n}\n\n.shipping-policy{ background: var(--mdw-bg); color: var(--mdw-text); padding: clamp(24px,4vw,56px) 0; }\n.mdw-container{ width:min(1100px,92vw); margin:0 auto; }\n.mdw-hero{ margin-bottom:28px; }\n.mdw-hero h1{ font-size: clamp(28px,3.2vw,40px); line-height:1.1; margin:0 0 8px; }\n.mdw-hero p{ color:var(--mdw-sub); margin:0; }\n\n\/* Layout *\/\n.mdw-layout{ display:grid; grid-template-columns:280px 1fr; gap:24px; }\n@media (max-width:900px){ .mdw-layout{ grid-template-columns:1fr; } }\n\n\/* Sidebar mit leichtem Branding-Glow – mobil nicht sticky *\/\n.mdw-sidebar{\n  position: sticky; top:16px; align-self:start;\n  background: linear-gradient(180deg, rgba(171,202,32,.08), transparent 70%), var(--mdw-card);\n  border:1px solid var(--mdw-border); border-radius:16px; padding:16px;\n  box-shadow: 0 8px 24px -12px rgba(171,202,32,.18);\n}\n@media (max-width:720px){ .mdw-sidebar{ position: static; box-shadow:none; } }\n\n.mdw-sidebar-title{ font-size:14px; text-transform:uppercase; letter-spacing:.12em; color:var(--mdw-sub); margin:4px 0 10px; }\n.mdw-nav a{\n  display:block; padding:10px 12px; border-radius:10px; color:var(--mdw-text);\n  text-decoration:none; border:1px solid transparent;\n}\n.mdw-nav a:hover{ background: rgba(171,202,32,.09); border-color: rgba(171,202,32,.25); }\n.mdw-nav a[aria-current=\"page\"]{\n  background: rgba(171,202,32,.14); border-color: rgba(171,202,32,.35);\n  box-shadow: inset 0 0 0 1px rgba(171,202,32,.15);\n}\n\n\/* Content Cards *\/\n.mdw-content{ display:grid; gap:16px; }\n.mdw-card{ background:var(--mdw-card); border:1px solid var(--mdw-border); border-radius:16px; padding: clamp(16px,2.4vw,22px); }\n.mdw-card h2{ font-size: clamp(18px,2.2vw,22px); margin:0 0 8px; }\n.mdw-card a{ color: var(--mdw-brand); text-decoration: underline; text-underline-offset: 2px; }\n\n\/* === Glossar: Tabs & Entries im Dark Look === *\/\n.gx-tabs{ position:relative; padding-bottom:8px; border-bottom:1px solid var(--mdw-border); }\n.gx-tablist{ list-style:none; margin:0; padding:0; display:flex; flex-wrap:wrap; gap: clamp(10px,1.6vw,16px); align-items:flex-end; }\n.gx-tab{ position:relative; line-height:1; display:flex; align-items:center; }\n.gx-tab > button{\n  appearance:none; border:1px solid var(--mdw-border); background: rgba(255,255,255,.02);\n  padding:8px 12px; border-radius:10px; color:var(--mdw-text); font-weight:800; letter-spacing:.04em; cursor:pointer;\n  transition: transform .15s ease, box-shadow .2s ease, background .2s ease, border-color .2s ease;\n  font-family: ui-sans-serif, system-ui, -apple-system, Segoe UI, Roboto, \"Helvetica Neue\", Arial;\n}\n.gx-tab > button:hover{ transform: translateY(-1px); box-shadow: 0 10px 24px rgba(0,0,0,.24); border-color: rgba(171,202,32,.35); }\n.gx-tab.is-active > button{\n  background: rgba(171,202,32,.10); border-color: rgba(171,202,32,.45);\n  box-shadow: 0 16px 34px -18px rgba(171,202,32,.35);\n}\n.gx-ind{\n  position:absolute; left:6px; right:6px; height:6px; bottom:-12px; border-radius:3px;\n  background: linear-gradient(90deg, var(--mdw-brand), color-mix(in srgb, var(--mdw-brand) 65%, #fff));\n  opacity:0; transform: translateY(6px); transition: all .25s ease;\n  filter: drop-shadow(0 2px 10px rgba(171,202,32,.35));\n}\n.gx-tab.is-active .gx-ind{ opacity:1; transform: translateY(0); }\n\n\/* Groups \/ Entries *\/\n.gx-groups{ padding-top:6px; }\n.gx-group{ display:none; }\n.gx-group.is-visible{ display:block; }\n.gx-entry{\n  padding: clamp(10px,1.2vw,14px) clamp(8px,.8vw,12px);\n  border-radius:14px;\n  background: rgba(255,255,255,.02);\n  border:1px solid var(--mdw-border);\n}\n.gx-term{ margin:0 0 6px; font-size: clamp(18px,2.2vw,20px); font-weight:900; letter-spacing:.2px; }\n.gx-desc{ margin:0; color:var(--mdw-sub); line-height:1.7; font-size:16px; }\n.gx-div{ border:0; height:1px; margin:14px 0 16px;\n  background: linear-gradient(90deg, transparent, rgba(255,255,255,.08) 40%, rgba(255,255,255,.08) 60%, transparent);\n}\n\n\/* Mobile tweaks *\/\n@media (max-width:720px){\n  .gx-tab > button{ font-size:14.5px; padding:7px 10px; }\n  .gx-desc{ font-size:15.5px; }\n}\n<\/style>\n\n<script>\n(() => {\n  const DEFAULT_GROUP = 'A'; \/\/ Startgruppe\n  const root   = document.currentScript.closest('.mdw-page') || document;\n  const tabs   = root.querySelectorAll('.gx-tab');\n  const groups = root.querySelectorAll('.gx-group');\n\n  function show(group){\n    groups.forEach(el => el.classList.toggle('is-visible', el.dataset.group === group));\n    tabs.forEach(el => el.classList.toggle('is-active', el.dataset.group === group));\n    \/\/ Wenn Gruppe leer ist: kleiner Hinweis (optional)\n    const g = Array.from(groups).find(el => el.dataset.group === group);\n    if(g && !g.querySelector('.gx-entry')){\n      if(!g.querySelector('.gx-empty')){\n        const empty = document.createElement('div');\n        empty.className = 'gx-empty';\n        empty.style.cssText = 'padding:12px;border:1px dashed var(--mdw-border);border-radius:12px;color:var(--mdw-sub);text-align:center;';\n        empty.textContent = 'Für diese Gruppe sind noch keine Begriffe hinterlegt.';\n        g.appendChild(empty);\n      }\n    }\n    \/\/ sanft zum Start der Gruppe scrollen (optional)\n    const y = g.getBoundingClientRect().top + window.scrollY - 90;\n    window.scrollTo({ top: y, behavior: 'smooth' });\n  }\n\n  tabs.forEach(tab=>{\n    tab.querySelector('button').addEventListener('click', () => show(tab.dataset.group));\n  });\n\n  \/\/ Initial\n  show(DEFAULT_GROUP);\n})();\n<\/script>","custom_css":"\/* === Dampfer-Lexikon: Fonts (Body=Poppins, Headings=Orbitron) === *\/\n.mdw-page.shipping-policy {\n  font-family: \"Poppins\", system-ui, -apple-system, \"Segoe UI\", Roboto,\n               \"Helvetica Neue\", Arial, \"Noto Sans\", sans-serif !important;\n}\n.mdw-page.shipping-policy * { font-family: inherit !important; }\n\n\/* Überschriften + Sidebar-Titel auf Orbitron *\/\n.mdw-page.shipping-policy h1,\n.mdw-page.shipping-policy h2,\n.mdw-page.shipping-policy h3,\n.mdw-page.shipping-policy h4,\n.mdw-page.shipping-policy h5,\n.mdw-page.shipping-policy h6,\n.mdw-page.shipping-policy .mdw-sidebar-title {\n  font-family: \"Orbitron\", Arial, sans-serif !important;\n  letter-spacing: .02em;\n}\n\n\/* Gewichte\/Feintuning *\/\n.mdw-page.shipping-policy h1 { font-weight: 800; }\n.mdw-page.shipping-policy h2,\n.mdw-page.shipping-policy h3 { font-weight: 700; }\n.mdw-page.shipping-policy p,\n.mdw-page.shipping-policy li,\n.mdw-page.shipping-policy a { font-weight: 400; }\n\n\/* Tabs: Button-Typo nicht überschreiben, sondern erben *\/\n.mdw-page.shipping-policy .gx-tab > button {\n  font-family: inherit !important;\n  font-weight: 800; \/* bleibt knackig *\/\n}","custom_js":"\/\/ Eigene JS-Skripte hier einfügen","full_width":true,"pad_top":0,"pad_bottom":0,"bg_color":"rgba(0,0,0,0)"}}},"order":["main","custom_liquid_LX7MLH","custom_liquid_KK8Tey"]}