{"sections":{"nov_slideshow_QXb83j":{"type":"nov-slideshow","blocks":{"image_wb9CUF":{"type":"image","name":"e-zigaretten","settings":{"image":"shopify:\/\/shop_images\/Design_ohne_Titel_1.webp","img_xs":"shopify:\/\/shop_images\/Design_ohne_Titel_3.webp","img_animate":false,"img_position":"center-center","img_position_horizotal_xxxl":10,"img_position_horizotal_xxl":10,"img_position_horizotal_xl":10,"img_position_horizotal_lg":10,"img_position_horizotal_md":10,"img_position_horizotal_sm":10,"img_position_horizotal_xs":5,"img_position_vertical_xxxl":0,"img_position_vertical_xxl":0,"img_position_vertical_xl":0,"img_position_vertical_lg":0,"img_position_vertical_md":0,"img_position_vertical_sm":0,"img_position_vertical_xs":0,"img_w_xxxl":28,"img_w_xxl":28,"img_w_xl":28,"img_w_lg":28,"img_w_md":28,"img_w_sm":28,"img_w_xs":50,"caption_1":"So erreichst du uns","color_cap1":"#0f283b","fz_cap1_xxl":48,"fz_cap1_xl":40,"fz_cap1_lg":36,"fz_cap1_md":30,"fz_cap1_sm":20,"fz_cap1_xs":20,"fw1":"700","fs1":"normal","tt1":"none","ff1":"f_pr","let1":0,"line_height1":"1.5","ts1_w":0,"ts1_c":"","mb1_xxl":15,"mb1_xl":15,"mb1_lg":15,"mb1_md":15,"mb1_xs":15,"cap_animate_1":"fadeInLeft","caption_2":"Wähle deinen bevorzugten Kanal - wir melden uns so schnell wie möglich.","color_cap2":"#0f283b","fz_cap2_xxl":18,"fz_cap2_xl":15,"fz_cap2_lg":14,"fz_cap2_md":13,"fz_cap2_sm":11,"fz_cap2_xs":11,"fw2":"400","fs2":"normal","tt2":"none","ff2":"f_df","let2":0,"line_height2":"1.5","mb2_xxl":25,"mb2_xl":25,"mb2_lg":25,"mb2_md":25,"mb2_xs":25,"cap_animate_2":"fadeInRight","caption_3":"","color_cap3":"#ffffff","fz_cap3_xxl":16,"fz_cap3_xl":15,"fz_cap3_lg":14,"fz_cap3_md":13,"fz_cap3_sm":12,"fz_cap3_xs":11,"fw3":"400","fs3":"normal","tt3":"none","ff3":"f_df","let3":0,"line_height3":"1.5","mb3_xxl":30,"mb3_xl":30,"mb3_lg":30,"mb3_md":30,"mb3_xs":20,"cap_animate_3":"fadeInUp","caption_4":"","caption_link":"","color_cap4":"#000000","fz_cap4_xxl":14,"fz_cap4_xl":14,"fz_cap4_lg":14,"fz_cap4_md":14,"fz_cap4_sm":14,"fz_cap4_xs":14,"fw4":"400","fs4":"normal","tt4":"none","ff4":"f_df","let4":0,"line_height4":"1.5","mb4_xxl":0,"mb4_xl":0,"mb4_lg":0,"mb4_md":0,"mb4_xs":0,"cap_animate_4":"bounce","video_url":"","video_url_color":"#000000","video_url_bg":"#ffffff","video_url_border":"#6ec000","caption_btn":"","slider_link":"","btn_type":"btn-primary","btn_size":"btn-normal","color_button":"scheme-b49eb042-1b96-4650-91c9-2f486801d4e8","button_animate":"fadeInUp","cap_content":"container-fluid","text_align":"center","text_align_xs":"center","position":"center-center","position_horizotal_xxxl":0,"position_horizotal_xxl":0,"position_horizotal_xl":5,"position_horizotal_lg":5,"position_horizotal_md":5,"position_horizotal_sm":5,"position_horizotal_xs":5,"position_vertical_xxxl":6,"position_vertical_xxl":6,"position_vertical_xl":5,"position_vertical_lg":5,"position_vertical_md":5,"position_vertical_sm":5,"position_vertical_xs":5,"w_xxxl":50,"w_xxl":50,"w_xl":80,"w_lg":76,"w_md":80,"w_sm":90,"w_xs":58}}},"block_order":["image_wb9CUF"],"disabled":true,"name":"So erreichst du uns","settings":{"autoplay":false,"zoom":false,"autoplay_speed":"7","enable_mh":false,"img_crop_position":"center","h_xxxl":200,"h_xxl":200,"h_xl":200,"h_lg":200,"h_md":200,"h_sm":200,"h_xs":230,"loading_bar":false,"bg_load":"#ffffff","bg_load_opacity":15,"show_arrow":false,"color_arrow":"#ffffff","color_arrow_act":"#abca20","show_dots":false,"c_dot":"#ffffff","c_dot_opacity":100,"c_dot_a":"#abca20","bd_dot_a":"rgba(0,0,0,0)","bd_dot_opacity":0,"dot_bottom":"30px","dots_number":false,"progress_num":false,"c_progress_number":"#000000","bg_progress":"#cccccc","bg_progress_loading":"#000000","animate":false,"wave":false,"wave_bg":"#ffffff","container":"container-full","background_color":"rgba(0,0,0,0)","gradient":"","gradient_time":25,"class":"","tl_radius":0,"tr_radius":0,"br_radius":0,"bl_radius":0,"px":0,"distance_top_xl":0,"distance_top_md":0,"distance_top_xs":0,"distance_bottom_xl":110,"distance_bottom_md":70,"distance_bottom_xs":10}},"main":{"type":"nov-page-contact","disabled":true,"settings":{"has_fullwidth":false,"map":false,"iframe_map":"https:\/\/www.google.com\/maps\/embed?pb=!1m14!1m8!1m3!1d23095.519254450588!2d-79.38263233337402!3d43.64941859273796!3m2!1i1024!2i768!4f13.1!3m3!1m2!1s0x0%3A0x935ab2eb9fd5fb31!2sFirst%20Canadian%20Place!5e0!3m2!1sen!2s!4v1659598435154!5m2!1sen!2s","form":false,"title_form":"","sub_form":"","title_alignment":"text-left","text_button":"","boxInfor":false,"address":"","email":"info@meinedampfwelt.de","call":"+49 151 15883392","time":"Unsere Servicezeiten sind Werktags Mo. - Fr. von 10 - 18 Uhr","social":false}},"kontakt_kanaele_7p7cgA":{"type":"kontakt-kanaele","blocks":{"card_d9CC7R":{"type":"card","settings":{"kind":"chat","title":"Live Chat","text":"Chatte sofort mit unserem Support Team!","whatsapp_phone":"default","whatsapp_prefill":"default","link_url":""}},"card_6jHV9p":{"type":"card","settings":{"kind":"link","title":"Kontaktformular","text":"Kontaktiere uns – wir antworten dir schnellstmöglich.","whatsapp_phone":"default","whatsapp_prefill":"default","link_url":"shopify:\/\/pages\/kontaktformular"}},"card_TB6hmE":{"type":"card","settings":{"kind":"whatsapp","title":"WhatsApp","text":"Schreib uns auf WhatsApp – wir melden uns schnell zurück.","whatsapp_phone":"+49 151 15883392","whatsapp_prefill":"Hallo, ich habe eine Frage.","link_url":""}},"card_hxLCDj":{"type":"card","settings":{"kind":"link","title":"E-Mail","text":"Sende uns jetzt eine E-Mail. Wir antworten in der Regel innerhalb von 48 Stunden","whatsapp_phone":"default","whatsapp_prefill":"default","link_url":"mailto:info@meinedampfwelt.de"}},"card_UJcrrE":{"type":"card","settings":{"kind":"link","title":"Telefon","text":"Du erreichst uns telefonisch während unserer Servicezeiten – wir helfen dir gerne weiter!","whatsapp_phone":"default","whatsapp_prefill":"default","link_url":"tel:+4915115883392"}}},"block_order":["card_d9CC7R","card_6jHV9p","card_TB6hmE","card_hxLCDj","card_UJcrrE"],"disabled":true,"name":"MDW – Kontaktkanäle (3 Karten)","settings":{"heading":"","subheading":"","narrow":true,"title_color":"#111111","text_color":"#4a4a4a","card_bg":"#ffffff","card_border":"#0000000f","pad_top":48,"pad_bottom":100}},"nov_slideshow_mJXaAh":{"type":"nov-slideshow","blocks":{"image_EAptc7":{"type":"image","name":"e-zigaretten","settings":{"image":"shopify:\/\/shop_images\/Design_ohne_Titel_4.webp","img_xs":"shopify:\/\/shop_images\/Design_ohne_Titel_5.webp","img_animate":false,"img_position":"center-center","img_position_horizotal_xxxl":10,"img_position_horizotal_xxl":10,"img_position_horizotal_xl":10,"img_position_horizotal_lg":10,"img_position_horizotal_md":10,"img_position_horizotal_sm":10,"img_position_horizotal_xs":5,"img_position_vertical_xxxl":0,"img_position_vertical_xxl":0,"img_position_vertical_xl":0,"img_position_vertical_lg":0,"img_position_vertical_md":0,"img_position_vertical_sm":0,"img_position_vertical_xs":0,"img_w_xxxl":28,"img_w_xxl":28,"img_w_xl":28,"img_w_lg":28,"img_w_md":28,"img_w_sm":28,"img_w_xs":50,"caption_1":"Wir sind für dich da.","color_cap1":"#0f283b","fz_cap1_xxl":48,"fz_cap1_xl":40,"fz_cap1_lg":36,"fz_cap1_md":30,"fz_cap1_sm":20,"fz_cap1_xs":20,"fw1":"700","fs1":"normal","tt1":"none","ff1":"f_pr","let1":0,"line_height1":"1.5","ts1_w":0,"ts1_c":"","mb1_xxl":15,"mb1_xl":15,"mb1_lg":15,"mb1_md":15,"mb1_xs":15,"cap_animate_1":"fadeInLeft","caption_2":"Ob Frage, Anliegen oder Feedback – unser Kundenservice ist nur einen Klick entfernt.","color_cap2":"#0f283b","fz_cap2_xxl":18,"fz_cap2_xl":15,"fz_cap2_lg":14,"fz_cap2_md":13,"fz_cap2_sm":11,"fz_cap2_xs":11,"fw2":"400","fs2":"normal","tt2":"none","ff2":"f_df","let2":0,"line_height2":"1.5","mb2_xxl":25,"mb2_xl":25,"mb2_lg":25,"mb2_md":25,"mb2_xs":25,"cap_animate_2":"fadeInRight","caption_3":"","color_cap3":"#ffffff","fz_cap3_xxl":16,"fz_cap3_xl":15,"fz_cap3_lg":14,"fz_cap3_md":13,"fz_cap3_sm":12,"fz_cap3_xs":11,"fw3":"400","fs3":"normal","tt3":"none","ff3":"f_df","let3":0,"line_height3":"1.5","mb3_xxl":30,"mb3_xl":30,"mb3_lg":30,"mb3_md":30,"mb3_xs":20,"cap_animate_3":"fadeInUp","caption_4":"","caption_link":"","color_cap4":"#000000","fz_cap4_xxl":14,"fz_cap4_xl":14,"fz_cap4_lg":14,"fz_cap4_md":14,"fz_cap4_sm":14,"fz_cap4_xs":14,"fw4":"400","fs4":"normal","tt4":"none","ff4":"f_df","let4":0,"line_height4":"1.5","mb4_xxl":0,"mb4_xl":0,"mb4_lg":0,"mb4_md":0,"mb4_xs":0,"cap_animate_4":"bounce","video_url":"","video_url_color":"#000000","video_url_bg":"#ffffff","video_url_border":"#6ec000","caption_btn":"","slider_link":"","btn_type":"btn-primary","btn_size":"btn-normal","color_button":"scheme-b49eb042-1b96-4650-91c9-2f486801d4e8","button_animate":"fadeInUp","cap_content":"container-fluid","text_align":"center","text_align_xs":"center","position":"center-center","position_horizotal_xxxl":0,"position_horizotal_xxl":0,"position_horizotal_xl":5,"position_horizotal_lg":5,"position_horizotal_md":5,"position_horizotal_sm":5,"position_horizotal_xs":5,"position_vertical_xxxl":6,"position_vertical_xxl":6,"position_vertical_xl":5,"position_vertical_lg":5,"position_vertical_md":5,"position_vertical_sm":5,"position_vertical_xs":5,"w_xxxl":50,"w_xxl":50,"w_xl":80,"w_lg":76,"w_md":80,"w_sm":90,"w_xs":58}}},"block_order":["image_EAptc7"],"disabled":true,"settings":{"autoplay":false,"zoom":false,"autoplay_speed":"7","enable_mh":false,"img_crop_position":"center","h_xxxl":200,"h_xxl":200,"h_xl":200,"h_lg":200,"h_md":200,"h_sm":200,"h_xs":230,"loading_bar":false,"bg_load":"#ffffff","bg_load_opacity":15,"show_arrow":false,"color_arrow":"#ffffff","color_arrow_act":"#abca20","show_dots":false,"c_dot":"#ffffff","c_dot_opacity":100,"c_dot_a":"#abca20","bd_dot_a":"rgba(0,0,0,0)","bd_dot_opacity":0,"dot_bottom":"30px","dots_number":false,"progress_num":false,"c_progress_number":"#000000","bg_progress":"#cccccc","bg_progress_loading":"#000000","animate":false,"wave":false,"wave_bg":"#ffffff","container":"container-full","background_color":"rgba(0,0,0,0)","gradient":"","gradient_time":25,"class":"","tl_radius":0,"tr_radius":0,"br_radius":0,"bl_radius":0,"px":0,"distance_top_xl":0,"distance_top_md":0,"distance_top_xs":0,"distance_bottom_xl":110,"distance_bottom_md":70,"distance_bottom_xs":10}},"kontatk_gruende_VdE6PL":{"type":"kontatk-gruende","blocks":{"item_CfwCEr":{"type":"item","settings":{"title":"Fragen zu meiner Bestellung","text":"Du hast Fragen zu deiner Bestellung, zum Lieferstatus oder zu deiner Rechnung?\nUnser Kundenservice hilft dir schnell und unkompliziert weiter – gib uns einfach deine Bestellnummer mit an, damit wir dein Anliegen direkt zuordnen können.","duration_label":"","link":"","featured":false}},"item_8AUnXn":{"type":"item","settings":{"title":"Mach meine Dampfwelt zu deiner Dampfwelt!","text":"Du hast eine Idee, wie wir unseren Shop, unsere Produkte oder das Einkaufserlebnis verbessern können?\nTeile uns deinen Vorschlag mit – als Dankeschön erhältst du einen 10 % Gutschein auf deinen nächsten Einkauf!\nDenn unsere Community gestaltet „Meine Dampfwelt“ aktiv mit.","duration_label":"","link":"","featured":false}},"item_4zGPM7":{"type":"item","settings":{"title":"Retoure & Reklamation","text":"Dein Paket ist beschädigt angekommen, ein Produkt fehlt oder entspricht nicht deiner Erwartung?\nKein Problem – fülle einfach das Formular aus und, falls möglich, lade ein Foto hoch.\nUnser Support-Team kümmert sich schnellstmöglich um eine Lösung oder Ersatzlieferung.","duration_label":"","link":"","featured":false}},"item_wa7HMz":{"type":"item","settings":{"title":"Wunschprodukte & Hersteller","text":"Du vermisst bestimmte Marken oder möchtest neue Produkte in unserem Sortiment sehen?\nSag uns, welche Hersteller oder Artikel du dir wünschst – wir prüfen jede Anfrage sorgfältig.\nAls Dankeschön für deinen Input erhältst du einen 10 % Gutschein auf deine nächste Bestellung!","duration_label":"","link":"","featured":false}},"item_XKALaY":{"type":"item","settings":{"title":"Versand & Lieferung","text":"Du möchtest wissen, wann dein Paket ankommt oder welche Versandoptionen verfügbar sind?\nHier erhältst du Informationen zu Lieferzeiten, Versandkosten und Tracking – wir sorgen dafür, dass dein Dampf-Erlebnis schnell bei dir landet.","duration_label":"","link":"","featured":true}},"item_Jy9CHk":{"type":"item","settings":{"title":"Produktberatung & Verfügbarkeit","text":"Du suchst das perfekte Liquid, willst mehr über bestimmte Geräte wissen oder fragst dich, wann ein Artikel wieder auf Lager ist?\nUnsere Produktexperten beraten dich gerne und helfen dir, genau das Richtige zu finden.","duration_label":"","link":"","featured":false}}},"block_order":["item_CfwCEr","item_8AUnXn","item_4zGPM7","item_wa7HMz","item_XKALaY","item_Jy9CHk"],"disabled":true,"name":"MDW – Help\/Contact Grid","settings":{"heading":"Kontaktiere uns","subheading":"Du hast Fragen zu unseren Produkten, deiner Bestellung oder möchtest einfach nur Feedback geben?Unser Team freut sich, von dir zu hören und hilft dir schnell und unkompliziert weiter.","narrow":true,"page_bg":"#ffffff","card_bg":"#ffffff","title_color":"#111111","text_color":"#4a4a4a","accent_color":"#1fa247","radius":12,"shadow_strength":12,"pad_top":44,"pad_bottom":44}},"nov_contact_form_pdhNLd":{"type":"nov-contact-form","blocks":{"services_qMfgTN":{"type":"services","settings":{"title":"Fragen zu meiner Bestellung"}},"services_iP7r3k":{"type":"services","settings":{"title":"Mach meine Dampfwelt zu deiner Dampfwelt!"}},"services_Vq7fCT":{"type":"services","settings":{"title":"Rückgabe oder Reklamation"}},"services_QeXYmB":{"type":"services","settings":{"title":"Versand & Lieferung"}},"services_CyeRx3":{"type":"services","settings":{"title":"Produktberatung & Verfügbarkeit"}},"services_KnLwDL":{"type":"services","settings":{"title":"Kooperationen & Geschäftsanfragen (B2B)"}},"services_maDHGy":{"type":"services","settings":{"title":"Andere Frage"}}},"block_order":["services_qMfgTN","services_iP7r3k","services_Vq7fCT","services_QeXYmB","services_CyeRx3","services_KnLwDL","services_maDHGy"],"disabled":true,"name":"Vinova Contact Form","settings":{"heading":"<p>Kontaktformular<\/p>","heading_color":"#222222","title":"","subtitle":"","phone":"+49 151 15883392","email":"<a href=\"mailto:info@meinedampfwelt.de\" title=\"mailto:info@meinedampfwelt.de\"><strong>info@meinedampfwelt.de<\/strong><\/a>","open":"<strong>Unsere Servicezeiten sind Werktags Mo. - Fr. von 10 - 18 Uhr<\/strong>","show_social":false,"show_bg_form":false,"bg_form":"#ffffff","bg_form_input":"#ffffff","bd_form_input":"#0f283b","btn_type":"btn-primary","btn_size":"btn-normal","animate":false,"container":"container","color_section":"","background_color":"","bg_size":"full","img_left_animate":true,"class":"","px":0,"distance_top_xl":30,"distance_top_md":30,"distance_top_xs":30,"distance_bottom_xl":100,"distance_bottom_md":100,"distance_bottom_xs":60}},"custom_liquid_BdnNqD":{"type":"custom-liquid","disabled":true,"name":"FAQ","settings":{"custom_liquid":"<section class=\"mdw-faq-hint\">\n  <div class=\"faq-hint__container\">\n    <div class=\"faq-hint__content\">\n      <h3 class=\"faq-hint__title\">Bevor du uns kontaktierst<\/h3>\n      <p class=\"faq-hint__text\">\n        Schau in unseren <a href=\"\/pages\/faq\" class=\"faq-hint__link\">FAQ-Bereich<\/a> – dort findest du viele Antworten auf häufige Fragen.\n      <\/p>\n    <\/div>\n  <\/div>\n<\/section>\n\n<style>\n  .mdw-faq-hint {\n    display:flex;\n    justify-content:center;\n    align-items:center;\n    padding:64px 16px;\n  }\n\n  .faq-hint__container {\n    max-width:800px;\n    width:100%;\n    background:#fff;\n    border:1px solid rgba(0,0,0,0.06);\n    border-radius:18px;\n    box-shadow:0 8px 24px rgba(0,0,0,0.05);\n    padding:48px 32px;\n    text-align:center;\n    transition:transform .3s ease, box-shadow .3s ease;\n  }\n\n  .faq-hint__container:hover {\n    transform:translateY(-3px);\n    box-shadow:0 10px 32px rgba(0,0,0,0.08);\n  }\n\n  .faq-hint__title {\n    font-size:clamp(22px,2vw,28px);\n    font-weight:700;\n    color:#111;\n    margin-bottom:10px;\n  }\n\n  .faq-hint__text {\n    font-size:16px;\n    color:#444;\n    line-height:1.6;\n  }\n\n  .faq-hint__link {\n    color:#ABCA20;\n    font-weight:600;\n    text-decoration:none;\n    position:relative;\n  }\n\n  .faq-hint__link::after {\n    content:\"\";\n    position:absolute;\n    bottom:-2px;\n    left:0;\n    width:100%;\n    height:2px;\n    background:currentColor;\n    transform:scaleX(0);\n    transform-origin:right;\n    transition:transform .25s ease;\n  }\n\n  .faq-hint__link:hover::after {\n    transform:scaleX(1);\n    transform-origin:left;\n  }\n<\/style>","custom_css":"\/* Eigene CSS-Regeln hier einfügen *\/","custom_js":"\/\/ Eigene JS-Skripte hier einfügen","full_width":false,"pad_top":40,"pad_bottom":40,"bg_color":"rgba(0,0,0,0)"}},"custom_liquid_kC7WrJ":{"type":"custom-liquid","name":"Kontaktpage","settings":{"custom_liquid":"<section class=\"mdw-page shipping-policy mdw-contact\">\n  <div class=\"mdw-container\">\n    <header class=\"mdw-hero\">\n      <h1>Hilfe & Kontakt<\/h1>\n      <p>Schreib uns per Live-Chat, E-Mail oder nutze das Kontaktformular. Wir melden uns schnell zurück.<\/p>\n    <\/header>\n\n    <div class=\"mdw-layout\">\n      <!-- Sidebar -->\n      <aside class=\"mdw-sidebar\" aria-label=\"Service & Hilfe\">\n        <h2 class=\"mdw-sidebar-title\">Service & Hilfe<\/h2>\n        <nav class=\"mdw-nav\">\n          <a href=\"\/pages\/kontakt\" aria-current=\"page\">Hilfe & Kontakt<\/a>\n          <a href=\"\/account\">Mein Konto<\/a>\n          <a href=\"\/pages\/faq\">FAQ<\/a>\n          <a href=\"\/pages\/versand-lieferung\">Versand & Lieferung<\/a>\n          <a href=\"\/pages\/alle-infos-zur-liquidsteuer\">Alle Infos zur Liquidsteuer<\/a>\n          <a href=\"\/blogs\/dampf-ratgeber\">Dampf-Ratgeber<\/a>\n          <a href=\"\/pages\/dampfer-lexikon\">Dampfer Lexikon<\/a>\n        <\/nav>\n      <\/aside>\n\n      <!-- Content -->\n      <main class=\"mdw-content\">\n\n        <!-- Intro -->\n        <section class=\"mdw-card mdw-card--intro\">\n          <h2>So erreichst du uns<\/h2>\n          <p>Wähle einfach den Kanal, der für dich am besten passt. Im Live-Chat erhältst du in der Regel am schnellsten eine Antwort.<\/p>\n        <\/section>\n\n        <!-- Kontakt-Karten -->\n        <section class=\"mdw-card mdw-contact-grid\">\n\n          <!-- Live Chat (Button) -->\n          <button type=\"button\" id=\"mdw-livechat-card\" class=\"mdw-contact-card\" data-action=\"livechat\">\n            <div class=\"mdw-contact-body\">\n              <h3>Live-Chat<\/h3>\n              <p>Direkt im Browser chatten.<\/p>\n            <\/div>\n          <\/button>\n\n          <!-- Email -->\n          <a href=\"mailto:service@meinedampfwelt.de\" class=\"mdw-contact-card\">\n            <div class=\"mdw-contact-body\">\n              <h3>E-Mail<\/h3>\n              <p>Schicke uns deine Anfrage per Mail.<\/p>\n            <\/div>\n          <\/a>\n\n          <!-- Formular -->\n          <a href=\"\/pages\/kontaktformular\" class=\"mdw-contact-card\">\n            <div class=\"mdw-contact-body\">\n              <h3>Kontaktformular<\/h3>\n              <p>Ideal für strukturierte Anfragen oder Dateiuploads.<\/p>\n            <\/div>\n          <\/a>\n        <\/section>\n\n        <!-- Info-Hinweise -->\n        <section class=\"mdw-card\">\n          <div class=\"mdw-info\">\n            <div class=\"mdw-info-line\"><\/div>\n            <div class=\"mdw-info-text\">\n              <h4>Tipp für schnelle Hilfe<\/h4>\n              <p>Halte – falls vorhanden – <strong>Bestellnummer<\/strong>, <strong>Produktname<\/strong> und eine kurze\n                <strong>Fehlerbeschreibung<\/strong> bereit. So können wir dir blitzschnell helfen.<\/p>\n            <\/div>\n          <\/div>\n\n          <div class=\"mdw-info\">\n            <div class=\"mdw-info-line\"><\/div>\n            <div class=\"mdw-info-text\">\n              <h4>Schon geschaut?<\/h4>\n              <p>Viele Antworten findest du in unseren <a href=\"\/pages\/faq\">FAQs<\/a> und im\n                <a href=\"\/blogs\/dampf-ratgeber\">Dampf-Ratgeber<\/a>.<\/p>\n            <\/div>\n          <\/div>\n        <\/section>\n\n      <\/main>\n    <\/div>\n  <\/div>\n<\/section>\n\n\n<style>\n:root {\n  --mdw-brand: #ABCA20;\n  --mdw-bg: #17171A;\n  --mdw-card: #1E1E22;\n  --mdw-text: #e9edf3;\n  --mdw-sub: #9aa3b2;\n  --mdw-border: #232a36;\n}\n\n\/* Font-Zuweisung: Body = Poppins, Headings = Orbitron *\/\n.mdw-contact {\n  font-family: \"Poppins\", system-ui, -apple-system, \"Segoe UI\", Roboto, \"Helvetica Neue\",\n               Arial, \"Noto Sans\", \"Apple Color Emoji\", \"Segoe UI Emoji\", \"Segoe UI Symbol\", sans-serif !important;\n}\n.mdw-contact * { font-family: inherit !important; }\n\n\/* Alle Überschriften auf Orbitron *\/\n.mdw-contact h1,\n.mdw-contact h2,\n.mdw-contact h3,\n.mdw-contact h4,\n.mdw-contact h5,\n.mdw-contact h6,\n.mdw-contact .mdw-sidebar-title {\n  font-family: \"Orbitron\", Arial, sans-serif !important;\n  letter-spacing: .02em;\n}\n\n\/* Feintuning: spezifische Komponenten, die Überschriften enthalten *\/\n.mdw-contact .mdw-hero h1,\n.mdw-contact .mdw-card h2,\n.mdw-contact .mdw-contact-card h3,\n.mdw-contact .mdw-info-text h4 {\n  font-family: \"Orbitron\", Arial, sans-serif !important;\n}\n\n\/* Optional: Body-Text leicht ruhiger darstellen *\/\n.mdw-contact p, \n.mdw-contact li, \n.mdw-contact a, \n.mdw-contact button,\n.mdw-contact .mdw-contact-card p,\n.mdw-contact .mdw-info-text p {\n  font-weight: 400;\n}\n\n\n\/* Grundlayout *\/\n.mdw-contact.shipping-policy {\n  background: var(--mdw-bg);\n  color: var(--mdw-text);\n  padding: clamp(24px, 4vw, 56px) 0;\n}\n\n.mdw-container { width: min(1100px, 92vw); margin: 0 auto; }\n.mdw-hero { margin-bottom: 28px; }\n.mdw-hero h1 { font-size: clamp(28px, 3.2vw, 40px); margin: 0 0 8px; }\n.mdw-hero p { color: var(--mdw-sub); margin: 0; }\n\n.mdw-layout { display: grid; grid-template-columns: 280px 1fr; gap: 24px; }\n@media (max-width: 900px) { .mdw-layout { grid-template-columns: 1fr; } }\n\n\/* Sidebar *\/\n.mdw-sidebar {\n  position: sticky; top: 16px; align-self: start;\n  background: var(--mdw-card);\n  border: 1px solid var(--mdw-border); border-radius: 16px; padding: 16px;\n}\n@media (max-width: 900px) { .mdw-sidebar { position: static; } }\n\n.mdw-sidebar-title { font-size: 14px; text-transform: uppercase; letter-spacing: .12em; color: var(--mdw-sub); margin: 4px 0 10px; }\n.mdw-nav a { display: block; padding: 10px 12px; border-radius: 10px; color: var(--mdw-text); text-decoration: none; border: 1px solid transparent; }\n.mdw-nav a:hover { background: rgba(171,202,32,.09); border-color: rgba(171,202,32,.25); }\n.mdw-nav a[aria-current=\"page\"] { background: rgba(171,202,32,.14); border-color: rgba(171,202,32,.35); box-shadow: inset 0 0 0 1px rgba(171,202,32,.15); }\n\n\/* Cards *\/\n.mdw-content { display: grid; gap: 16px; }\n.mdw-card { background: var(--mdw-card); border: 1px solid var(--mdw-border); border-radius: 16px; padding: clamp(16px, 2.4vw, 22px); }\n.mdw-card h2 { font-size: clamp(18px, 2.2vw, 22px); margin: 0 0 8px; }\n\n\/* Kontaktkarten *\/\n.mdw-contact-grid {\n  display: grid;\n  grid-template-columns: repeat(auto-fit, minmax(240px, 1fr));\n  gap: 14px;\n}\n.mdw-contact-card {\n  display: block;\n  text-decoration: none !important;\n  background: rgba(255,255,255,.02);\n  border: 1px solid var(--mdw-border);\n  border-radius: 14px;\n  padding: 18px 16px;\n  transition: all .2s ease;\n  cursor: pointer;\n  color: var(--mdw-text);\n}\n.mdw-contact-card:hover {\n  border-color: rgba(171,202,32,.4);\n  background: rgba(171,202,32,.06);\n  transform: translateY(-2px);\n  box-shadow: 0 4px 10px rgba(0,0,0,.15);\n}\n.mdw-contact-card h3 {\n  margin: 0 0 6px;\n  font-size: 17px;\n  font-weight: 700;\n  color: var(--mdw-text);\n}\n.mdw-contact-card p {\n  margin: 0;\n  color: var(--mdw-sub);\n  font-size: 14px;\n}\n\n\/* Button-Variante (Live-Chat) *\/\nbutton.mdw-contact-card {\n  appearance: none;\n  -webkit-appearance: none;\n  width: 100%;\n  text-align: left;\n  border: 1px solid var(--mdw-border);\n  border-radius: 14px;\n  background: rgba(255,255,255,.02);\n  color: var(--mdw-text);\n  padding: 18px 16px;\n}\nbutton.mdw-contact-card:hover {\n  border-color: rgba(171,202,32,.4);\n  background: rgba(171,202,32,.06);\n  transform: translateY(-2px);\n  box-shadow: 0 4px 10px rgba(0,0,0,.15);\n}\n\n\/* Info-Boxen *\/\n.mdw-info {\n  position: relative;\n  background: rgba(255,255,255,.03);\n  border: 1px solid rgba(171,202,32,.25);\n  border-radius: 12px;\n  padding: 16px 18px;\n  margin-bottom: 14px;\n  transition: border .3s ease;\n}\n.mdw-info:hover { border-color: var(--mdw-brand); }\n.mdw-info-line {\n  position: absolute; left: 0; top: 0; bottom: 0;\n  width: 4px; border-radius: 12px 0 0 12px;\n  background: var(--mdw-brand); opacity: .8;\n}\n.mdw-info-text h4 { margin: 0 0 6px; font-size: 16px; font-weight: 700; color: var(--mdw-brand); }\n.mdw-info-text p { margin: 0; color: var(--mdw-text); font-size: 14px; line-height: 1.5; }\n.mdw-info-text a { color: var(--mdw-brand); text-decoration: underline; text-underline-offset: 2px; font-weight: 600; }\n<\/style>\n\n<script>\ndocument.addEventListener('DOMContentLoaded', function () {\n  const grid = document.querySelector('.mdw-contact-grid') || document;\n  let pendingOpen = false;\n\n  grid.addEventListener('click', function (ev) {\n    const trigger = ev.target.closest('[data-action=\"livechat\"]');\n    if (!trigger) return;\n    ev.preventDefault();\n    pendingOpen = true;\n    openLiveChatNowOrWhenReady();\n  });\n\n  function tryOpenOnce() {\n    if (window.Shopify && window.Shopify.Chat && typeof window.Shopify.Chat.open === 'function') {\n      window.Shopify.Chat.open(); return true;\n    }\n    if (window.ShopifyChat && typeof window.ShopifyChat.open === 'function') {\n      window.ShopifyChat.open(); return true;\n    }\n    const selectors = [\n      '.shopify-chat-toggle',\n      '[data-shopify=\"chat-toggle\"]',\n      '#ShopifyChat',\n      '[data-action=\"open-chat\"]',\n      '[aria-label=\"Open live chat\"]',\n      'button[aria-haspopup=\"dialog\"][aria-label*=\"Chat\"]'\n    ];\n    for (const sel of selectors) {\n      const btn = document.querySelector(sel);\n      if (btn) { btn.click(); return true; }\n    }\n    return false;\n  }\n\n  function openLiveChatNowOrWhenReady() {\n    if (!pendingOpen) return;\n    if (tryOpenOnce()) { pendingOpen = false; return; }\n\n    let tries = 0, maxTries = Math.ceil(5000 \/ 150);\n    const timer = setInterval(() => {\n      tries++;\n      if (tryOpenOnce()) { clearInterval(timer); pendingOpen = false; return; }\n      if (tries >= maxTries) clearInterval(timer);\n    }, 150);\n\n    const observer = new MutationObserver(() => {\n      if (tryOpenOnce()) { observer.disconnect(); pendingOpen = false; }\n    });\n    observer.observe(document.documentElement, { childList: true, subtree: true });\n\n    setTimeout(() => {\n      if (!pendingOpen) return;\n      try { window.dispatchEvent(new CustomEvent('shopify:chat:open')); } catch (e) {}\n      setTimeout(() => {\n        if (pendingOpen && !tryOpenOnce()) {\n          pendingOpen = false;\n          alert('Bitte öffne den Live-Chat über das Chat-Symbol unten rechts.');\n        }\n      }, 250);\n    }, 6000);\n  }\n});\n<\/script>","custom_css":"\/* 1) Hintergrund der Seite: konstant dunkel, KEIN globaler Glow *\/\n.mdw-contact.shipping-policy {\n  background: #17171A;           \/* statt radial-gradient *\/\n  color: var(--mdw-text);\n  padding: clamp(24px, 4vw, 56px) 0;\n}\n\n\/* 2) Sidebar mit sanftem grünem Glow *\/\n.mdw-sidebar {\n  position: sticky; top: 16px; align-self: start;\n  \/* dezenter grüner Verlauf IN der Box behalten *\/\n  background: linear-gradient(180deg, rgba(171,202,32,.06), transparent 70%), var(--mdw-card);\n  border: 1px solid var(--mdw-border);\n  border-radius: 16px;\n  padding: 16px;\n\n  \/* grüner Glow um die Box herum *\/\n  box-shadow:\n    0 0 0 1px rgba(171,202,32,.15) inset,    \/* feine Kontur innen *\/\n    0 10px 24px rgba(0,0,0,.35),              \/* depth *\/\n    0 0 38px rgba(171,202,32,.10);            \/* weicher grüner Glow *\/\n}\n\n\/* Optional: beim Hover die Glow-Intensität leicht anheben *\/\n@media (hover:hover) {\n  .mdw-sidebar:hover {\n    box-shadow:\n      0 0 0 1px rgba(171,202,32,.22) inset,\n      0 12px 28px rgba(0,0,0,.38),\n      0 0 48px rgba(171,202,32,.14);\n  }\n}\n\n\/* 3) Auf Mobile bleibt die Sidebar nicht sticky (wie gewünscht) *\/\n@media (max-width: 900px) {\n  .mdw-sidebar { position: static; }\n}","custom_js":"\/\/ Eigene JS-Skripte hier einfügen","full_width":true,"pad_top":0,"pad_bottom":0,"bg_color":"rgba(0,0,0,0)"}}},"order":["nov_slideshow_QXb83j","main","kontakt_kanaele_7p7cgA","nov_slideshow_mJXaAh","kontatk_gruende_VdE6PL","nov_contact_form_pdhNLd","custom_liquid_BdnNqD","custom_liquid_kC7WrJ"]}