{"sections":{"main":{"type":"nov-page","disabled":true,"custom_css":[],"settings":{}},"custom_liquid_9TaMzM":{"type":"custom-liquid","name":"Custom Liquid Pro","settings":{"custom_liquid":"<section class=\"mdw-page shipping-policy\">\n  <div class=\"mdw-container\">\n    <header class=\"mdw-hero\">\n      <h1>Alle Infos zur Liquidsteuer<\/h1>\n      <p>Seit 01.07.2022 werden Liquids für E-Zigaretten besteuert. Hier findest du alle Details, Fristen und Auswirkungen.<\/p>\n    <\/header>\n\n    <div class=\"mdw-layout\">\n      <!-- Sidebar -->\n      <aside class=\"mdw-sidebar\" aria-label=\"Service & Hilfe\">\n        <h2 class=\"mdw-sidebar-title\">Service & Hilfe<\/h2>\n        <nav class=\"mdw-nav\">\n          <a href=\"\/pages\/kontakt\">Hilfe & Kontakt<\/a>\n          <a href=\"\/account\">Mein Konto<\/a>\n          <a href=\"\/pages\/faq\">FAQ<\/a>\n          <a href=\"\/pages\/versand-lieferung\">Versand & Lieferung<\/a>\n          <a href=\"\/pages\/alle-infos-zur-liquidsteuer\" aria-current=\"page\">Alle Infos zur Liquidsteuer<\/a>\n          <a href=\"\/blogs\/dampf-ratgeber\">Dampf-Ratgeber<\/a>\n          <a href=\"\/pages\/dampfer-lexikon\">Dampfer Lexikon<\/a>\n        <\/nav>\n      <\/aside>\n\n      <!-- Main -->\n      <main class=\"mdw-content\">\n        <!-- Intro Tipp -->\n        <section class=\"mdw-card mdw-highlight\">\n          <h2>Kurzüberblick<\/h2>\n          <ul class=\"mdw-list\">\n            <li>Liquidsteuer gilt für alle zum Dampfen bestimmten Flüssigkeiten (auch PG\/VG, Aromen, nikotinfrei).<\/li>\n            <li>Pro ml fällt zusätzlich zur MwSt. ein fester Steuerbetrag an (siehe Zeitplan unten).<\/li>\n            <li>Verpackungen benötigen Steuerbanderole; Lagerung in Zolllagern.<\/li>\n          <\/ul>\n        <\/section>\n\n        <!-- Was ist die Liquidsteuer -->\n        <section id=\"was-ist\" class=\"mdw-card\">\n          <h2>Was ist die Liquidsteuer?<\/h2>\n          <p>Seit dem <strong>01.07.2022<\/strong> werden in Deutschland Liquids für E-Zigaretten besteuert. Wie bei anderen Genussmitteln (z. B. Spirituosen, Schaumwein oder Tabak) fällt neben der regulären Mehrwertsteuer eine <strong>Verbrauchsteuer<\/strong> an.<\/p>\n          <p>Begründet wurde die Steuer u. a. mit „erzieherischen Wirkungen zur Entlastung des Gesundheitssystems“. Praktisch werden Liquids als <strong>„Tabakwaren gleichgestellte Erzeugnisse“<\/strong> eingestuft – auch wenn sie keinen Tabak enthalten.<\/p>\n          <div class=\"mdw-note\" role=\"note\">\n            <div class=\"mdw-note__icon\" aria-hidden=\"true\">ℹ️<\/div>\n            <div class=\"mdw-note__body\">\n              <strong>Wichtig:<\/strong> Die Steuer betrifft <em>alle<\/em> fürs Dampfen bestimmten Flüssigkeiten – inklusive <strong>nikotinfreier<\/strong> Liquids sowie <strong>PG\/VG<\/strong> und <strong>Aromen<\/strong>, wenn sie zum Dampfen verkauft\/verwendet werden.\n            <\/div>\n          <\/div>\n        <\/section>\n\n        <!-- Wie viel kostet -->\n        <section id=\"kosten\" class=\"mdw-card\">\n          <h2>Wieviel kostet die Liquidsteuer?<\/h2>\n\n          <div class=\"mdw-timeline\">\n            <div class=\"mdw-step\"><span>ab 07\/2022<\/span><strong>0,16&nbsp;€\/ml<\/strong><\/div>\n            <div class=\"mdw-step\"><span>ab 01\/2024<\/span><strong>0,20&nbsp;€\/ml<\/strong><\/div>\n            <div class=\"mdw-step\"><span>ab 01\/2025<\/span><strong>0,26&nbsp;€\/ml<\/strong><\/div>\n            <div class=\"mdw-step\"><span>ab 01\/2026<\/span><strong>0,32&nbsp;€\/ml<\/strong><\/div>\n          <\/div>\n\n          <p>Die Steuer wird nach <strong>Flüssigkeitsmenge<\/strong> berechnet – unabhängig von der Zusammensetzung. <strong>Zusätzlich<\/strong> fällt die <strong>Mehrwertsteuer (19 %)<\/strong> auf den Gesamtpreis an.<\/p>\n          <p>Zusätzliche Kosten entstehen durch <strong>Steuerbanderolen<\/strong> (Verpackungen müssen so gestaltet sein, dass die Banderole beim Öffnen bricht) und durch die notwendige <strong>Zoll-Lagerung<\/strong>.<\/p>\n\n          <!-- Diagramme -->\n          <div class=\"mdw-grid-fig\">\n            <figure>\n              <img src=\"https:\/\/cdn.shopify.com\/s\/files\/1\/0951\/8632\/1756\/files\/liquidsteuer_liquids.png?v=1759329827\" alt=\"Anteil Steuer bei Liquids\" loading=\"lazy\">\n              <figcaption>Anteil Steuer bei Liquids<\/figcaption>\n            <\/figure>\n            <figure>\n              <img src=\"https:\/\/cdn.shopify.com\/s\/files\/1\/0951\/8632\/1756\/files\/liquidsteuer_100mlshortfill.png?v=1759329879\" alt=\"Anteil Steuer bei 100&nbsp;ml Shortfills\" loading=\"lazy\">\n              <figcaption>Anteil Steuer bei 100&nbsp;ml Shortfills<\/figcaption>\n            <\/figure>\n            <figure>\n              <img src=\"https:\/\/cdn.shopify.com\/s\/files\/1\/0951\/8632\/1756\/files\/liquidsteuer_1lbase.png?v=1759329956\" alt=\"Anteil Steuer bei 1&nbsp;L Basen\" loading=\"lazy\">\n              <figcaption>Anteil Steuer bei 1&nbsp;L Basen<\/figcaption>\n            <\/figure>\n          <\/div>\n        <\/section>\n\n        <!-- Was beachten -->\n        <section id=\"beachten\" class=\"mdw-card\">\n          <h2>Was muss man als Dampfer beachten?<\/h2>\n          <ul class=\"mdw-list\">\n            <li><strong>Steuerpflichtig:<\/strong> Alle Flüssigkeiten zum Dampfen (Fertigliquids, Shortfills, Aromen, Basen &amp; Shots). Auch Einzelkomponenten (PG, VG), wenn sie zum Dampfen verkauft\/verwendet werden.<\/li>\n            <li><strong>Steuerbanderole:<\/strong> Verpackung muss nur einseitig zu öffnen sein; die Banderole muss beim Öffnen <em>brechen<\/em> und fest angebracht sein.<\/li>\n            <li><strong>Kein steuerfreier Verkauf:<\/strong> Unversteuerter Verkauf bzw. Verwendung gilt als <em>Steuerstraftat<\/em> (laut Finanzministerium\/Zoll).<\/li>\n            <li><strong>Rohstoffe:<\/strong> Auch der Kauf von PG\/VG\/Aromen auf anderen Wegen und die Nutzung in E-Zigaretten gilt als steuerpflichtig.<\/li>\n          <\/ul>\n          <div class=\"mdw-note\" role=\"note\">\n            <div class=\"mdw-note__icon\" aria-hidden=\"true\">⚠️<\/div>\n            <div class=\"mdw-note__body\">\n              <strong>Praxis-Tipp:<\/strong> Achte beim Kauf auf korrekte Banderolen und seriöse Händler. Das schützt dich vor Ärger mit dem Zoll – und vor minderwertiger Ware.\n            <\/div>\n          <\/div>\n        <\/section>\n\n        <!-- Übergangsfristen -->\n        <section id=\"uebergang\" class=\"mdw-card\">\n          <h2>Übergangsfristen für Ware ohne Banderole<\/h2>\n          <ul class=\"mdw-list\">\n            <li>Produkte, die <strong>vor dem 01.07.2022<\/strong> hergestellt\/importiert wurden, durften noch ohne Banderole verkauft werden.<\/li>\n            <li><strong>Übergangsfrist:<\/strong> Abverkauf bis <strong>12.02.2023<\/strong>.<\/li>\n            <li>Seit <strong>13.02.2023<\/strong> darf sich <strong>keine unversteuerte Ware<\/strong> mehr im Verkauf befinden.<\/li>\n          <\/ul>\n        <\/section>\n\n        <!-- Auswirkungen -->\n        <section id=\"auswirkungen\" class=\"mdw-card\">\n          <h2>Wie wirkt sich die Steuer auf den Markt aus?<\/h2>\n          <p>Die Steuer hat den Markt spürbar verändert. Einige Hersteller haben die Liquid-\/Aromenproduktion eingestellt (hohe Vorfinanzierung der Steuer, Verpackung, Zolllager). <strong>Liter-Basen verschwinden<\/strong> weitgehend. Selbstmischen bleibt günstiger als Fertigliquids, jedoch mit geringerer Ersparnis als früher.<\/p>\n          <div class=\"mdw-columns\">\n            <div>\n              <h3 class=\"mdw-h3\">Tendenz<\/h3>\n              <ul class=\"mdw-list\">\n                <li><strong>Höherer Verbrauch = höhere Kosten:<\/strong> DTL-„Lungendampfen“ wird teurer.<\/li>\n                <li><strong>Geringerer Verbrauch bestimmt:<\/strong> MTL-„Backendampfen“ wird dominanter.<\/li>\n                <li><strong>Handel:<\/strong> Kleinere Shops stehen stärker unter Druck (Vorfinanzierung, Umsatzloch nach Bunkerphase).<\/li>\n              <\/ul>\n            <\/div>\n            <div>\n              <h3 class=\"mdw-h3\">Was heißt das für dich?<\/h3>\n              <ul class=\"mdw-list\">\n                <li>Überlege ggf. den Umstieg auf <strong>MTL-Setups<\/strong> mit geringerem Liquidverbrauch.<\/li>\n                <li><strong>Shortfills &amp; Shots<\/strong> können weiterhin preislich attraktiv sein.<\/li>\n                <li><strong>Seriöse Händler<\/strong> wählen und auf Banderolen achten.<\/li>\n              <\/ul>\n            <\/div>\n          <\/div>\n        <\/section>\n\n        <!-- Lohnt sich der Umstieg? -->\n        <section id=\"umstieg\" class=\"mdw-card\">\n          <h2>Lohnt sich der Umstieg nach der Steuer noch?<\/h2>\n          <p><strong>Ja.<\/strong> Das Dampfen bleibt im Vergleich zum Rauchen deutlich weniger schädlich. Auch finanziell ist Dampfen in vielen Fällen weiterhin günstiger – vor allem bei moderatem Verbrauch (MTL) und sinnvoll gewählter Nikotinstärke.<\/p>\n          <div class=\"mdw-note\" role=\"note\">\n            <div class=\"mdw-note__icon\" aria-hidden=\"true\">💡<\/div>\n            <div class=\"mdw-note__body\">\n              <strong>Einspar-Hinweis:<\/strong> Ein 10 ml Fertigliquid kann bei MTL-Nutzung etwa zwei Schachteln Zigaretten ersetzen – vorausgesetzt, die <strong>Nikotinstärke passt<\/strong>. Selbstmischen bleibt meist günstiger als Fertigliquids, auch wenn die Ersparnis kleiner ist als früher.\n            <\/div>\n          <\/div>\n        <\/section>\n\n      <\/main>\n    <\/div>\n  <\/div>\n<\/section>\n\n<style>\n\/* ==== Theme (identisch zum neuen Dark-Design) ==== *\/\n:root{\n  --mdw-brand:#ABCA20;\n  --mdw-bg:#17171A;\n  --mdw-card:#1C1D22;\n  --mdw-text:#E9EDF3;\n  --mdw-sub:#A4ADBA;\n  --mdw-border:#2A2D33;\n}\n\n\/* Page Background (ohne grünen Glow oben rechts) *\/\n.shipping-policy{\n  background: var(--mdw-bg);\n  color:var(--mdw-text);\n  padding:clamp(24px,4vw,56px) 0;\n  font-family: system-ui, -apple-system, Segoe UI, Roboto, Arial, sans-serif;\n}\n\n\/* Container & Header *\/\n.mdw-container{ width:min(1100px,92vw); margin:0 auto; }\n.mdw-hero{ margin-bottom:28px; }\n.mdw-hero h1{ font-size:clamp(28px,3.2vw,40px); line-height:1.1; margin:0 0 8px; }\n.mdw-hero p{ color:var(--mdw-sub); margin:0; }\n\n\/* Layout *\/\n.mdw-layout{ display:grid; grid-template-columns:280px 1fr; gap:24px; }\n@media (max-width:900px){ .mdw-layout{ grid-template-columns:1fr; } }\n\n\/* Sidebar (mit dezentem Glow IN der Sidebar) *\/\n.mdw-sidebar{\n  position:sticky; top:16px; align-self:start;\n  background:\n    radial-gradient(340px 210px at 100% 0%, rgba(171,202,32,.10), transparent 60%),\n    var(--mdw-card);\n  border:1px solid var(--mdw-border);\n  border-radius:16px; padding:16px;\n}\n@media (max-width:720px){ .mdw-sidebar{ position:static; } }\n\n.mdw-sidebar-title{\n  font-size:14px; text-transform:uppercase; letter-spacing:.12em;\n  color:var(--mdw-sub); margin:4px 0 10px;\n}\n.mdw-nav a{\n  display:block; padding:10px 12px; border-radius:10px;\n  color:var(--mdw-text); text-decoration:none; border:1px solid transparent;\n}\n.mdw-nav a:hover{ background:rgba(171,202,32,.09); border-color:rgba(171,202,32,.25); }\n.mdw-nav a[aria-current=\"page\"]{\n  background:rgba(171,202,32,.14);\n  border-color:rgba(171,202,32,.35);\n  box-shadow: inset 0 0 0 1px rgba(171,202,32,.15);\n}\n\n\/* Content Cards *\/\n.mdw-content{ display:grid; gap:16px; }\n.mdw-card{\n  background:var(--mdw-card);\n  border:1px solid var(--mdw-border);\n  border-radius:16px;\n  padding:clamp(16px,2.4vw,22px);\n}\n.mdw-card h2{ font-size:clamp(18px,2.2vw,22px); margin:0 0 8px; }\n.mdw-card p{ margin:10px 0; }\n\n\/* Brand Links überall *\/\n.mdw-card a, .mdw-hero a, .mdw-sidebar a{\n  color:var(--mdw-brand);\n  text-decoration:underline;\n  text-underline-offset:2px;\n  font-weight:600;\n}\n\n\/* List mit grünen Checks *\/\n.mdw-list{ list-style:none; padding:0; margin:10px 0 0 0; }\n.mdw-list li{\n  position:relative; padding-left:28px; margin:8px 0; color:var(--mdw-text);\n}\n.mdw-list li::before{\n  content:\"\"; position:absolute; left:0; top:.35em; width:18px; height:18px; border-radius:6px;\n  background: linear-gradient(180deg, var(--mdw-brand), #92b400);\n  mask: url('data:image\/svg+xml;utf8,<svg xmlns=\"http:\/\/www.w3.org\/2000\/svg\" fill=\"%23000\" viewBox=\"0 0 24 24\"><path d=\"M20.285 6.709a1 1 0 0 1 0 1.414l-9.19 9.19a1 1 0 0 1-1.414 0L3.715 12.55a1 1 0 1 1 1.414-1.414l5.142 5.142 8.483-8.483a1 1 0 0 1 1.531-.086z\"\/><\/svg>') center\/70% 70% no-repeat;\n}\n\n\/* Tipp-Box (grüne Outline wie gewünscht) *\/\n.mdw-highlight{\n  background:var(--mdw-card) !important;\n  border:1px solid rgba(171,202,32,.45) !important;\n  box-shadow:\n    0 0 0 1px rgba(171,202,32,.25),\n    0 0 18px rgba(171,202,32,.08),\n    0 8px 22px rgba(0,0,0,.25);\n  position:relative;\n  transition: box-shadow .25s ease, transform .2s ease;\n}\n.mdw-highlight:hover{\n  transform:translateY(-2px);\n  box-shadow:\n    0 0 0 1px rgba(171,202,32,.4),\n    0 0 28px rgba(171,202,32,.12),\n    0 12px 26px rgba(0,0,0,.3);\n}\n.mdw-highlight::after{\n  content:\"Tipp\"; position:absolute; top:-10px; right:16px;\n  background:var(--mdw-brand); color:#0d1206; font-weight:700; font-size:12px;\n  padding:4px 8px; border-radius:999px; border:1px solid rgba(0,0,0,.1);\n  box-shadow:0 2px 4px rgba(0,0,0,.15);\n}\n\n\/* Info-Notiz (neutral, kein „grünes Kästchen“) *\/\n.mdw-note{\n  display:flex; gap:10px; align-items:flex-start;\n  padding:12px 14px; border-radius:12px;\n  background: rgba(255,255,255,.03);\n  border:1px dashed var(--mdw-border);\n  color: var(--mdw-text);\n}\n.mdw-note__icon{ opacity:.9; line-height:1; }\n.mdw-note__body{ line-height:1.5; }\n.mdw-note a{ color:var(--mdw-brand); }\n\n\/* Timeline der Steuerstufen *\/\n.mdw-timeline{\n  display:flex; flex-wrap:wrap; gap:10px; margin:8px 0 12px 0;\n}\n.mdw-step{\n  background: rgba(171,202,32,.10);\n  border:1px solid rgba(171,202,32,.35);\n  border-radius:12px; padding:8px 10px;\n  display:flex; flex-direction:column; min-width:130px;\n}\n.mdw-step span{ color:var(--mdw-sub); font-size:12px; }\n.mdw-step strong{ font-size:14px; }\n\n\/* 3er Bild-Grid *\/\n.mdw-grid-fig{\n  display:grid; gap:16px; grid-template-columns:repeat(3,1fr);\n  margin-top:12px;\n}\n@media (max-width:900px){ .mdw-grid-fig{ grid-template-columns:1fr; } }\n.mdw-grid-fig figure{ margin:0; }\n.mdw-grid-fig img{\n  display:block; width:100%; height:auto; border-radius:10px; border:1px solid var(--mdw-border);\n}\n.mdw-grid-fig figcaption{ color:var(--mdw-sub); font-size:.9em; margin-top:6px; }\n\n\/* Zwei-Spalten Abschnitt *\/\n.mdw-columns{\n  display:grid; gap:16px; grid-template-columns:1fr 1fr; margin-top:8px;\n}\n@media (max-width:900px){ .mdw-columns{ grid-template-columns:1fr; } }\n.mdw-h3{ font-size:16px; margin:6px 0; color:var(--mdw-text); }\n\n<\/style>","custom_css":"\/* === Liquidsteuer: Fonts (Body=Poppins, Headings=Orbitron) === *\/\n.mdw-page.shipping-policy {\n  font-family: \"Poppins\", system-ui, -apple-system, \"Segoe UI\", Roboto,\n               \"Helvetica Neue\", Arial, \"Noto Sans\", sans-serif !important;\n}\n.mdw-page.shipping-policy * { font-family: inherit !important; }\n\n\/* Überschriften + Sidebar-Titel auf Orbitron *\/\n.mdw-page.shipping-policy h1,\n.mdw-page.shipping-policy h2,\n.mdw-page.shipping-policy h3,\n.mdw-page.shipping-policy h4,\n.mdw-page.shipping-policy h5,\n.mdw-page.shipping-policy h6,\n.mdw-page.shipping-policy .mdw-sidebar-title {\n  font-family: \"Orbitron\", Arial, sans-serif !important;\n  letter-spacing: .02em;\n}\n\n\/* Gewicht\/Feintuning *\/\n.mdw-page.shipping-policy h1 { font-weight: 800; }\n.mdw-page.shipping-policy h2,\n.mdw-page.shipping-policy h3 { font-weight: 700; }\n.mdw-page.shipping-policy p,\n.mdw-page.shipping-policy li,\n.mdw-page.shipping-policy a,\n.mdw-page.shipping-policy .mdw-badge,\n.mdw-page.shipping-policy .mdw-note,\n.mdw-page.shipping-policy .mdw-list {\n  font-weight: 400;\n}\n\n\n\/* Sidebar-Links: neutral, kein Underline \/ kein Grün *\/\n.mdw-sidebar a {\n  color: var(--mdw-text) !important;\n  text-decoration: none !important;\n  font-weight: 500 !important;\n}\n.mdw-sidebar a:hover {\n  color: var(--mdw-brand) !important;\n  background: rgba(171,202,32,.09);\n  border-color: rgba(171,202,32,.25);\n}\n.mdw-sidebar a[aria-current=\"page\"] {\n  background: rgba(171,202,32,.14);\n  border-color: rgba(171,202,32,.35);\n  box-shadow: inset 0 0 0 1px rgba(171,202,32,.15);\n  color: var(--mdw-brand) !important;\n}\n\n\/* Entfernt \"Tipp\"-Badge komplett *\/\n.mdw-highlight::after {\n  display: none !important;\n  content: none !important;\n}\n\n\/* Highlight-Box behält grüne Outline *\/\n.mdw-highlight {\n  background: var(--mdw-card) !important;\n  border: 1px solid rgba(171,202,32,.45) !important;\n  box-shadow:\n    0 0 0 1px rgba(171,202,32,.25),\n    0 0 18px rgba(171,202,32,.08),\n    0 8px 22px rgba(0,0,0,.25);\n  position: relative;\n  transition: box-shadow .25s ease, transform .2s ease;\n}\n.mdw-highlight:hover {\n  transform: translateY(-2px);\n  box-shadow:\n    0 0 0 1px rgba(171,202,32,.4),\n    0 0 28px rgba(171,202,32,.12),\n    0 12px 26px rgba(0,0,0,.3);\n}","custom_js":"\/\/ Eigene JS-Skripte hier einfügen","full_width":true,"pad_top":0,"pad_bottom":0,"bg_color":"rgba(0,0,0,0)"}}},"order":["main","custom_liquid_9TaMzM"]}