{"sections":{"main":{"type":"nov-page","disabled":true,"settings":{}},"nov_contact_form_WcRNEi":{"type":"nov-contact-form","blocks":{"services_UX6Rtj":{"type":"services","settings":{"title":"Fragen zu meiner Bestellung"}},"services_8f7f3M":{"type":"services","settings":{"title":"Mach meine Dampfwelt zu deiner Dampfwelt!"}},"services_gKhYTW":{"type":"services","settings":{"title":"Rückgabe oder Reklamation"}},"services_UmW8YC":{"type":"services","settings":{"title":"Versand & Lieferung"}},"services_MaGjfx":{"type":"services","settings":{"title":"Produktberatung & Verfügbarkeit"}},"services_amRmVG":{"type":"services","settings":{"title":"Kooperationen & Geschäftsanfragen (B2B)"}},"services_aFTBAN":{"type":"services","settings":{"title":"Andere Frage"}}},"block_order":["services_UX6Rtj","services_8f7f3M","services_gKhYTW","services_UmW8YC","services_MaGjfx","services_amRmVG","services_aFTBAN"],"custom_css":[".col-lg-5 {display: none;}",".row.align-items-center > .col-lg-7 {flex: 0 1 820px !important; max-width: 820px !important; margin: 0 auto;}"],"name":"Vinova Contact Form","settings":{"heading":"<p>Kontaktformular<\/p>","heading_color":"#ffffff","title":"","subtitle":"","phone":"","email":"","open":"","show_social":false,"show_bg_form":false,"bg_form":"#ededed","bg_form_input":"#eeeeee","bd_form_input":"#0f283b","btn_type":"btn-secondary","btn_size":"btn-normal","animate":false,"container":"container-full","color_section":"","background_color":"rgba(0,0,0,0)","bg_size":"full","img_left_animate":false,"class":"","px":0,"distance_top_xl":30,"distance_top_md":30,"distance_top_xs":30,"distance_bottom_xl":100,"distance_bottom_md":100,"distance_bottom_xs":60}},"kontatk_gruende_Wmg6t4":{"type":"kontatk-gruende","blocks":{"item_XUBgF7":{"type":"item","settings":{"title":"Fragen zu meiner Bestellung","text":"Du hast Fragen zu deiner Bestellung, zum Lieferstatus oder zu deiner Rechnung?\nUnser Kundenservice hilft dir schnell und unkompliziert weiter – gib uns einfach deine Bestellnummer mit an, damit wir dein Anliegen direkt zuordnen können.","duration_label":"","link":"","featured":false}},"item_TdhFXE":{"type":"item","settings":{"title":"Mach meine Dampfwelt zu deiner Dampfwelt!","text":"Du hast eine Idee, wie wir unseren Shop, unsere Produkte oder das Einkaufserlebnis verbessern können?\nTeile uns deinen Vorschlag mit – als Dankeschön erhältst du einen 10 % Gutschein auf deinen nächsten Einkauf!\nDenn unsere Community gestaltet „Meine Dampfwelt“ aktiv mit.","duration_label":"","link":"","featured":false}},"item_YFUtAU":{"type":"item","settings":{"title":"Retoure & Reklamation","text":"Dein Paket ist beschädigt angekommen, ein Produkt fehlt oder entspricht nicht deiner Erwartung?\nKein Problem – fülle einfach das Formular aus und, falls möglich, lade ein Foto hoch.\nUnser Support-Team kümmert sich schnellstmöglich um eine Lösung oder Ersatzlieferung.","duration_label":"","link":"","featured":false}},"item_rPDyxQ":{"type":"item","settings":{"title":"Wunschprodukte & Hersteller","text":"Du vermisst bestimmte Marken oder möchtest neue Produkte in unserem Sortiment sehen?\nSag uns, welche Hersteller oder Artikel du dir wünschst – wir prüfen jede Anfrage sorgfältig.\nAls Dankeschön für deinen Input erhältst du einen 10 % Gutschein auf deine nächste Bestellung!","duration_label":"","link":"","featured":false}},"item_ktFXEM":{"type":"item","settings":{"title":"Versand & Lieferung","text":"Du möchtest wissen, wann dein Paket ankommt oder welche Versandoptionen verfügbar sind?\nHier erhältst du Informationen zu Lieferzeiten, Versandkosten und Tracking – wir sorgen dafür, dass dein Dampf-Erlebnis schnell bei dir landet.","duration_label":"","link":"","featured":true}},"item_KPEA6b":{"type":"item","settings":{"title":"Produktberatung & Verfügbarkeit","text":"Du suchst das perfekte Liquid, willst mehr über bestimmte Geräte wissen oder fragst dich, wann ein Artikel wieder auf Lager ist?\nUnsere Produktexperten beraten dich gerne und helfen dir, genau das Richtige zu finden.","duration_label":"","link":"","featured":false}}},"block_order":["item_XUBgF7","item_TdhFXE","item_YFUtAU","item_rPDyxQ","item_ktFXEM","item_KPEA6b"],"name":"MDW – Help\/Contact Grid","settings":{"heading":"","subheading":"","narrow":true,"page_bg":"#17171a","card_bg":"#1e1e22","title_color":"#abca20","text_color":"#ffffff","accent_color":"#abca20","radius":12,"shadow_strength":12,"pad_top":44,"pad_bottom":44}}},"order":["main","nov_contact_form_WcRNEi","kontatk_gruende_Wmg6t4"]}