{"sections":{"main":{"type":"nov-page","disabled":true,"custom_css":[],"settings":{}},"custom_liquid_9TaMzM":{"type":"custom-liquid","name":"Custom Liquid Pro","settings":{"custom_liquid":"<section class=\"mdw-page shipping-policy\">\n  <div class=\"mdw-container\">\n    <header class=\"mdw-hero\">\n      <h1>Versand & Lieferung<\/h1>\n      <p>Alle Infos zu Versandkosten, Lieferzeit und Zustellung innerhalb Deutschlands.<\/p>\n    <\/header>\n\n    <div class=\"mdw-layout\">\n      <aside class=\"mdw-sidebar\" aria-label=\"Service & Hilfe\">\n        <h2 class=\"mdw-sidebar-title\">Service & Hilfe<\/h2>\n        <nav class=\"mdw-nav\">\n          <a href=\"\/pages\/kontakt\">Hilfe & Kontakt<\/a>\n          <a href=\"\/account\">Mein Konto<\/a>\n          <a href=\"\/pages\/faq\">FAQ<\/a>\n          <a href=\"\/pages\/versand-lieferung\" aria-current=\"page\">Versand & Lieferung<\/a>\n          <a href=\"\/pages\/alle-infos-zur-liquidsteuer\">Alle Infos zur Liquidsteuer<\/a>\n          <a href=\"\/blogs\/dampf-ratgeber\">Dampf-Ratgeber<\/a>\n          <a href=\"\/pages\/dampfer-lexikon\">Dampfer Lexikon<\/a>\n        <\/nav>\n      <\/aside>\n\n      <main class=\"mdw-content\">\n        <section id=\"versandbedingungen\" class=\"mdw-card\">\n          <h2>Versandbedingungen<\/h2>\n          <p>Wir versenden unsere Bestellungen ausschließlich innerhalb Deutschlands.<\/p>\n        <\/section>\n\n        <section id=\"versandkosten\" class=\"mdw-card mdw-highlight\">\n          <h2>Versandkosten<\/h2>\n          <ul class=\"mdw-list\">\n            <li><strong>Versandkostenfrei ab 50&nbsp;€<\/strong> Bestellwert.<\/li>\n            <li>Unter 50&nbsp;€ werden die Versandkosten automatisch im Checkout berechnet.<\/li>\n          <\/ul>\n        <\/section>\n\n        <section id=\"dienstleister\" class=\"mdw-card\">\n          <h2>Versanddienstleister<\/h2>\n          <p>Der Versand erfolgt in der Regel mit <strong>DHL<\/strong> als Paket mit Alterssichtprüfung (ab 18 Jahren). In Einzelfällen behalten wir uns vor, einen anderen Logistikdienstleister zu nutzen.<\/p>\n          <div class=\"mdw-badges\">\n            <span class=\"mdw-badge\">\n              <svg width=\"18\" height=\"18\" viewBox=\"0 0 24 24\" aria-hidden=\"true\"><path d=\"M3 7h12v10H3zM15 10h4l2 3v4h-6zM5 19a2 2 0 1 0 0-4 2 2 0 0 0 0 4zm12 0a2 2 0 1 0 0-4 2 2 0 0 0 0 4z\" fill=\"currentColor\"\/><\/svg>\n              Paketversand\n            <\/span>\n            <span class=\"mdw-badge\">\n              <svg width=\"18\" height=\"18\" viewBox=\"0 0 24 24\" aria-hidden=\"true\"><path d=\"M12 2a5 5 0 0 1 5 5v3h1a2 2 0 0 1 2 2v8h-6v-6H10v6H4v-8a2 2 0 0 1 2-2h1V7a5 5 0 0 1 5-5z\" fill=\"currentColor\"\/><\/svg>\n              Alterssichtprüfung (18+)\n            <\/span>\n          <\/div>\n        <\/section>\n\n        <section id=\"liefergebiet\" class=\"mdw-card\">\n          <h2>Liefergebiet<\/h2>\n          <p>Die Lieferung unserer Artikel erfolgt ausschließlich nach Deutschland.<\/p>\n        <\/section>\n\n        <section id=\"lieferzeiten\" class=\"mdw-card\">\n          <h2>Lieferzeiten<\/h2>\n          <p>Soweit im jeweiligen Angebot keine andere Frist angegeben ist, erfolgt die Lieferung innerhalb von <strong>2–4 Werktagen<\/strong> nach Vertragsschluss (bei vereinbarter Vorauszahlung nach Eingang Ihrer Zahlungsanweisung).<\/p>\n          <p>Bitte beachten Sie, dass an Sonn- und Feiertagen keine Zustellung erfolgt.<\/p>\n          <div class=\"mdw-info\">\n            <svg width=\"18\" height=\"18\" viewBox=\"0 0 24 24\" aria-hidden=\"true\"><path d=\"M12 7v5l4 2M12 22a10 10 0 1 0 0-20 10 10 0 0 0 0 20z\" fill=\"currentColor\"\/><\/svg>\n            <span>Die angegebene Lieferzeit gilt für vorrätige Artikel und innerhalb Deutschlands.<\/span>\n          <\/div>\n        <\/section>\n      <\/main>\n    <\/div>\n  <\/div>\n<\/section>\n\n<style>\n\/* === Fonts: Body = Poppins, Headings = Orbitron (Versand & Lieferung) === *\/\n.mdw-page.shipping-policy {\n  font-family: \"Poppins\", system-ui, -apple-system, \"Segoe UI\", Roboto, \"Helvetica Neue\",\n               Arial, \"Noto Sans\", sans-serif !important;\n}\n.mdw-page.shipping-policy * { font-family: inherit !important; }\n\n\/* Überschriften + Sidebar-Titel auf Orbitron *\/\n.mdw-page.shipping-policy h1,\n.mdw-page.shipping-policy h2,\n.mdw-page.shipping-policy h3,\n.mdw-page.shipping-policy h4,\n.mdw-page.shipping-policy h5,\n.mdw-page.shipping-policy h6,\n.mdw-page.shipping-policy .mdw-sidebar-title {\n  font-family: \"Orbitron\", Arial, sans-serif !important;\n  letter-spacing: .02em;\n}\n\n\/* Feintuning *\/\n.mdw-page.shipping-policy h1 { font-weight: 800; }\n.mdw-page.shipping-policy h2,\n.mdw-page.shipping-policy h3 { font-weight: 700; }\n\n\/* Fließtext ruhiger *\/\n.mdw-page.shipping-policy p,\n.mdw-page.shipping-policy li,\n.mdw-page.shipping-policy a,\n.mdw-page.shipping-policy .mdw-badge,\n.mdw-page.shipping-policy .mdw-info,\n.mdw-page.shipping-policy .mdw-list {\n  font-weight: 400;\n}\n\n\n\/* Tokens nur für diese Seite überschreiben *\/\n.mdw-page.shipping-policy{\n  --mdw-brand: #ABCA20;\n  --mdw-bg: #17171A;     \/* fester, neutraler Hintergrund *\/\n  --mdw-card: #1C1C1F;   \/* neutrale Kartenfläche *\/\n  --mdw-text: #E9EDF3;\n  --mdw-sub: #9aa3b2;\n  --mdw-border: #2A2A2E;\n}\n\n\/* Seitenhintergrund: ohne globalen Glow *\/\n.shipping-policy{\n  background: var(--mdw-bg) !important;\n  color: var(--mdw-text);\n  padding: clamp(24px, 4vw, 56px) 0;\n}\n\n.mdw-container { width: min(1100px, 92vw); margin: 0 auto; }\n.mdw-hero { text-align: left; margin-bottom: 28px; }\n.mdw-hero h1 { font-size: clamp(28px, 3.2vw, 40px); line-height: 1.1; margin: 0 0 8px; letter-spacing: .2px; }\n.mdw-hero p { color: var(--mdw-sub); margin: 0; }\n\n\/* Layout *\/\n.mdw-layout { display: grid; grid-template-columns: 280px 1fr; gap: 24px; }\n@media (max-width: 900px) { .mdw-layout { grid-template-columns: 1fr; } }\n\n\/* Sidebar – mit dezentem grünem Glow *\/\n.mdw-sidebar{\n  position: sticky; top: 16px; align-self: start;\n  background: linear-gradient(180deg, rgba(171,202,32,.06), transparent 70%), var(--mdw-card) !important;\n  border: 1px solid var(--mdw-border); border-radius: 16px; padding: 16px;\n  box-shadow:\n    0 0 0 1px rgba(171,202,32,.15) inset,\n    0 10px 24px rgba(0,0,0,.35),\n    0 0 38px rgba(171,202,32,.10);\n}\n@media (hover:hover){\n  .mdw-sidebar:hover{\n    box-shadow:\n      0 0 0 1px rgba(171,202,32,.22) inset,\n      0 12px 28px rgba(0,0,0,.38),\n      0 0 48px rgba(171,202,32,.14);\n  }\n}\n\n\/* Mobile: nicht sticky *\/\n@media (max-width: 720px){ .mdw-sidebar{ position: static !important; top: auto !important; } }\n\n.mdw-sidebar-title { font-size: 14px; text-transform: uppercase; letter-spacing: .12em; color: var(--mdw-sub); margin: 4px 0 10px; }\n.mdw-nav a { display: block; padding: 10px 12px; border-radius: 10px; color: var(--mdw-text); text-decoration: none; border: 1px solid transparent; }\n.mdw-nav a:hover { background: rgba(171,202,32,.09); border-color: rgba(171,202,32,.25); }\n.mdw-nav a[aria-current=\"page\"] { background: rgba(171,202,32,.14); border-color: rgba(171,202,32,.35); box-shadow: inset 0 0 0 1px rgba(171,202,32,.15); }\n\n\/* Content-Karten *\/\n.mdw-content { display: grid; gap: 16px; }\n.mdw-card {\n  background: var(--mdw-card) !important;\n  border: 1px solid var(--mdw-border) !important;\n  border-radius: 16px;\n  padding: clamp(16px, 2.4vw, 22px);\n}\n.mdw-card h2 { font-size: clamp(18px, 2.2vw, 22px); margin: 0 0 8px; }\n.mdw-card p { color: var(--mdw-text); margin: 10px 0; }\n\n\/* Links in Brand-Grün (inkl. Listen & Infozeilen) *\/\n.mdw-hero a,\n.mdw-card a,\n.mdw-info a{\n  color: var(--mdw-brand) !important;\n  text-decoration: underline;\n  text-underline-offset: 2px;\n  font-weight: 600;\n}\n\n\/* Liste mit Check-Icon *\/\n.mdw-list { margin: 8px 0 0 0; padding: 0; list-style: none; }\n.mdw-list li {\n  padding-left: 28px; position: relative; margin: 8px 0; color: var(--mdw-text);\n}\n.mdw-list li::before {\n  content: \"\"; position: absolute; left: 0; top: .35em; width: 18px; height: 18px; border-radius: 6px;\n  background: linear-gradient(180deg, var(--mdw-brand), #92b400);\n  mask: url('data:image\/svg+xml;utf8,<svg xmlns=\"http:\/\/www.w3.org\/2000\/svg\" fill=\"%23000\" viewBox=\"0 0 24 24\"><path d=\"M20.285 6.709a1 1 0 0 1 0 1.414l-9.19 9.19a1 1 0 0 1-1.414 0L3.715 12.55a1 1 0 1 1 1.414-1.414l5.142 5.142 8.483-8.483a1 1 0 0 1 1.531-.086z\"\/><\/svg>') center \/ 70% 70% no-repeat;\n}\n\n\/* Highlight-Box (Versandkosten) *\/\n.mdw-highlight{\n  border-color: rgba(171,202,32,.45);\n  box-shadow: 0 0 0 1px rgba(171,202,32,.18), 0 10px 24px rgba(0,0,0,.25);\n  position: relative;\n}\n.mdw-highlight::after{\n  content: \"Tipp\";\n  position: absolute; top: -10px; right: 16px;\n  background: var(--mdw-brand); color: #0d1206; font-weight: 700; font-size: 12px;\n  padding: 4px 8px; border-radius: 999px; border: 1px solid rgba(0,0,0,.1);\n}\n\n\/* Badges *\/\n.mdw-badges { display: flex; gap: 10px; flex-wrap: wrap; margin-top: 10px; }\n.mdw-badge {\n  display: inline-flex; align-items: center; gap: 8px; font-size: 13px;\n  color: var(--mdw-text); padding: 8px 10px; border-radius: 999px;\n  border: 1px dashed var(--mdw-border); background: rgba(255,255,255,.03);\n}\n\n\/* Infozeile *\/\n.mdw-info{\n  display: flex; gap: 10px; align-items: flex-start;\n  padding: 10px 12px; border-radius: 12px;\n  background: rgba(171,202,32,.08); color: var(--mdw-text);\n  border: 1px solid rgba(171,202,32,.3); margin-top: 8px;\n}\n.mdw-info svg { flex: 0 0 18px; color: var(--mdw-brand); }\n\n\/* Harte Neutralisierung evtl. alter Blautöne aus Inline-Styles (Safety Net) *\/\n.mdw-card [style*=\"background:#0f1c2d\"],\n.mdw-card [style*=\"background: #0f1c2d\"],\n.mdw-card [style*='background:#0F1C2D']{\n  background:#232427 !important; color:#fff !important;\n}\n<\/style>","custom_css":"\/* --- \"Tipp\"-Box (mdw-highlight) mit grüner Umrandung & Glow --- *\/\n.mdw-highlight {\n  background: var(--mdw-card) !important;\n  border: 1px solid rgba(171,202,32,.45) !important;\n  box-shadow:\n    0 0 0 1px rgba(171,202,32,.25),\n    0 0 18px rgba(171,202,32,.08),\n    0 8px 22px rgba(0,0,0,.25);\n  position: relative;\n  transition: box-shadow .25s ease, transform .2s ease;\n}\n\n.mdw-highlight:hover {\n  transform: translateY(-2px);\n  box-shadow:\n    0 0 0 1px rgba(171,202,32,.4),\n    0 0 28px rgba(171,202,32,.12),\n    0 12px 26px rgba(0,0,0,.3);\n}\n\n\/* Label oben rechts *\/\n.mdw-highlight::after {\n  content: \"Tipp\";\n  position: absolute;\n  top: -10px;\n  right: 16px;\n  background: var(--mdw-brand);\n  color: #0d1206;\n  font-weight: 700;\n  font-size: 12px;\n  padding: 4px 8px;\n  border-radius: 999px;\n  border: 1px solid rgba(0,0,0,.1);\n  box-shadow: 0 2px 4px rgba(0,0,0,.15);\n}","custom_js":"\/\/ Eigene JS-Skripte hier einfügen","full_width":true,"pad_top":0,"pad_bottom":0,"bg_color":"rgba(0,0,0,0)"}}},"order":["main","custom_liquid_9TaMzM"]}