{"sections":{"main":{"type":"nov-page","disabled":true,"settings":{}},"ai_flavors_grid_cqBbNX":{"type":"ai-flavors-grid","blocks":{"card_4jWkQq":{"type":"card","settings":{"image":"shopify:\/\/shop_images\/photo-1649779117064-107e63b88758.jpg","title":"Tabak","desc":"Klassische Tabakgeschmäcker für traditionelle Dampfer","chips":"Klassischer Tabak, American Blend, Zigarre","cta_label":"Tabak Sorten entdecken","cta_url":"shopify:\/\/collections\/tabak"}},"card_edwWaM":{"type":"card","settings":{"image":"shopify:\/\/shop_images\/photo-1737990034266-cc2675dbdbe6.jpg","title":"Fruchtig","desc":"Süße und saure Fruchtaromen aus aller Welt","chips":"Beeren,Banane,Zitrus,Exotische Früchte","cta_label":"Fruchtige Sorten entdecken","cta_url":"shopify:\/\/collections\/fruchtig"}},"card_pLNjPp":{"type":"card","settings":{"image":"shopify:\/\/shop_images\/photo-1636403724733-0fa0f7acb324.jpg","title":"Getränke","desc":"Beliebte Getränkearomen für jeden Geschmack","chips":"Cola,Energy,Kaffee,Tee,Cocktails","cta_label":"Getränke Sorten entdecken","cta_url":"shopify:\/\/collections\/getranke"}},"card_qt8iMK":{"type":"card","settings":{"image":"shopify:\/\/shop_images\/photo-1706147602203-6e2c340fb6db.jpg","title":"Süß & Desserts","desc":"Süße Verführungen für Naschkatzen","chips":"Kuchen,Schokolade,Karamell,Bonbons","cta_label":"Süße Sorten entdecken","cta_url":"shopify:\/\/collections\/suss-desserts"}},"card_c9MnQD":{"type":"card","settings":{"image":"shopify:\/\/shop_images\/photo-1727468802431-0c4c3d50ffce.jpg","title":"FRISCH & ICE","desc":"Erfrischende Kühle für heiße Tage","chips":"Manthol,Minze,Ice-Varianten","cta_label":"Ice Sorten entdecken","cta_url":"shopify:\/\/collections\/frisch-ice"}},"card_i6yCPt":{"type":"card","settings":{"image":"shopify:\/\/shop_images\/photo-1677599082447-6549af4c5454.jpg","title":"EXOTISCH & SPEZIAL","desc":"Außergewöhnliche Geschmackserlebnisse","chips":"Zimt,Kräuter,Anis,Lakritz","cta_label":"Exotische Sorten entdecken","cta_url":"shopify:\/\/collections\/exotisch-spezial"}}},"block_order":["card_4jWkQq","card_edwWaM","card_pLNjPp","card_qt8iMK","card_c9MnQD","card_i6yCPt"],"custom_css":[],"name":"AI Flavors Grid","settings":{"title":"GESCHMACKSRICHTUNGEN","subtitle":"Von klassischen Tabakgeschmäckern bis hin zu exotischen Kreationen – finde den perfekten Geschmack für dein Dampferlebnis.","subtitle_link_label":"","subtitle_link_url":"","show_bg_grid":false,"tilt_max":2,"tilt_scale_pct":100,"media_height_pct":45,"card_height_px":530}}},"order":["main","ai_flavors_grid_cqBbNX"]}