{"sections":{"main":{"type":"nov-page","disabled":true,"custom_css":["#NovBreadcrumbs.breadcrumb_inner {padding-top: 50px; padding-bottom: 10px;}"],"settings":{}},"custom_liquid_iU9ng4":{"type":"custom-liquid","name":"Custom Liquid Pro","settings":{"custom_liquid":"<section class=\"mdw-page device-care\">\n  <div class=\"mdw-container\">\n    <header class=\"mdw-hero\">\n      <h1>Geräte &amp; Pflege: So hält dein Setup länger<\/h1>\n      <p>Ein gutes Gerät hält lange – wenn man es versteht. Hier lernst du, wie du dein Setup pflegst und Fehler vermeidest.<\/p>\n    <\/header>\n\n    <!-- Themen-Navigation -->\n    <nav class=\"mdw-chipbar\">\n      <a href=\"#verdampfer\">1. Verdampfer &amp; Coils<\/a>\n      <a href=\"#reinigung\">2. Reinigung &amp; Wartung<\/a>\n      <a href=\"#akku\">3. Akku &amp; Sicherheit<\/a>\n      <a href=\"#fehler\">4. Fehlerbehebung<\/a>\n    <\/nav>\n\n    <main class=\"mdw-content\">\n\n      <!-- Verdampfer -->\n      <section id=\"verdampfer\" class=\"mdw-card\">\n        <h2>Verdampfer &amp; Coils<\/h2>\n        <p>Der Verdampfer erhitzt das Liquid über eine Coil (Heizwendel + Watte). Die Watte muss stets ausreichend getränkt sein – sonst kokelt’s.<\/p>\n\n        <h3>So funktioniert’s<\/h3>\n        <ul class=\"mdw-list\">\n          <li>Liquid → Watte → Heizdraht → Dampf<\/li>\n          <li>Watte saugt Liquid aus Tank oder Pod.<\/li>\n          <li>Heizdraht verdampft das Liquid kurzzeitig.<\/li>\n          <li>Airflow transportiert und kühlt den Dampf.<\/li>\n        <\/ul>\n\n        <div class=\"mdw-note\">\n          <div class=\"mdw-note__icon\">💡<\/div>\n          <div class=\"mdw-note__body\"><strong>Tipp:<\/strong> Zugtechnik &amp; Leistung passend zum Coil wählen.<\/div>\n        <\/div>\n\n        <h3>Verschlissene Coils erkennen<\/h3>\n        <ul class=\"mdw-list\">\n          <li>Geschmack kippt (verbrannt, dumpf, metallisch).<\/li>\n          <li>Weniger Dampf, Blubbern oder Gurgeln.<\/li>\n          <li>Watte stark dunkel – Zeit für einen Wechsel.<\/li>\n          <li>Richtwert: Wechsel alle 1–3 Wochen – abhängig von Süße &amp; Nutzung.<\/li>\n        <\/ul>\n\n        <h3>Coil richtig einsetzen &amp; „einbrennen“<\/h3>\n        <ol>\n          <li>Neuen Coil einsetzen, Tank befüllen, Watte mit 2–3 Tropfen benetzen.<\/li>\n          <li>5–10 Minuten warten, bis die Watte durchtränkt ist.<\/li>\n          <li>Erste Züge mit niedriger Leistung (Primer Puffs), dann steigern.<\/li>\n        <\/ol>\n      <\/section>\n\n      <!-- Reinigung -->\n      <section id=\"reinigung\" class=\"mdw-card\">\n        <h2>Reinigung &amp; Wartung<\/h2>\n        <p>Regelmäßige Pflege verhindert Off-Flavours, verlängert die Coil-Lebensdauer und hält die Airflow frei.<\/p>\n\n        <h3>Tägliche Pflege (1–2 Minuten)<\/h3>\n        <ul class=\"mdw-list\">\n          <li>Außenflächen mit trockenem Tuch abwischen.<\/li>\n          <li>Kondenswasser an Airflow oder Mundstück entfernen.<\/li>\n          <li>Pods sitzend lagern, nicht in der Sonne.<\/li>\n        <\/ul>\n\n        <h3>Tiefe Reinigung<\/h3>\n        <ul class=\"mdw-list\">\n          <li>Tank zerlegen (Dichtungen beachten).<\/li>\n          <li>Teile (ohne Coil) mit warmem Wasser spülen.<\/li>\n          <li>Optional: 10 Minuten mit Spülmittel einweichen, klar spülen.<\/li>\n          <li>Vollständig trocknen lassen, neuen Coil einsetzen.<\/li>\n        <\/ul>\n\n        <div class=\"mdw-note\">\n          <div class=\"mdw-note__icon\">🧠<\/div>\n          <div class=\"mdw-note__body\"><strong>Pro-Tipp:<\/strong> Dichtungen leicht fetten (Lebensmittel-Silikon) → besserer Sitz &amp; längere Haltbarkeit.<\/div>\n        <\/div>\n\n        <div class=\"mdw-table\">\n          <table>\n            <thead><tr><th>Do ✅<\/th><th>Don’t 🚫<\/th><th>Warum?<\/th><\/tr><\/thead>\n            <tbody>\n              <tr><td>Coil „primen“ &amp; warten<\/td><td>Sofort volle Leistung<\/td><td>Verhindert Kokeln<\/td><\/tr>\n              <tr><td>Tank regelmäßig reinigen<\/td><td>Monate ungepflegt<\/td><td>Off-Flavours vermeiden<\/td><\/tr>\n              <tr><td>Gerät aufrecht lagern<\/td><td>In Sonne\/Auto<\/td><td>Dichtungen schützen<\/td><\/tr>\n            <\/tbody>\n          <\/table>\n        <\/div>\n\n        <p>Ersatzteile &amp; Coils findest du in unserer <a href=\"\/collections\/coils\">Coil-Kategorie<\/a>.<\/p>\n      <\/section>\n\n      <!-- Akku -->\n      <section id=\"akku\" class=\"mdw-card\">\n        <h2>Akku &amp; Sicherheit<\/h2>\n        <h3>Richtig laden<\/h3>\n        <ul class=\"mdw-list\">\n          <li>Nur geeignete Netzteile (5 V, moderater Strom).<\/li>\n          <li>Nicht unbeaufsichtigt über Nacht laden.<\/li>\n          <li>Bei Wechselakkus: externes Ladegerät bevorzugen.<\/li>\n        <\/ul>\n\n        <h3>Richtig lagern<\/h3>\n        <ul class=\"mdw-list\">\n          <li>Kühl &amp; trocken, fern von Sonne.<\/li>\n          <li>Bei ca. 40–60 % Ladung lagern.<\/li>\n          <li>Beschädigte Hülle → nicht mehr verwenden.<\/li>\n        <\/ul>\n\n        <h3>Mythen<\/h3>\n        <ul class=\"mdw-list\">\n          <li>„Schnellladen ist immer besser“ – stresst Akkus.<\/li>\n          <li>„Ganz leer machen“ – Tiefentladung schadet.<\/li>\n          <li>„Jedes USB-Netzteil passt“ – lieber freigegebene Netzteile nutzen.<\/li>\n        <\/ul>\n      <\/section>\n\n      <!-- Fehler -->\n      <section id=\"fehler\" class=\"mdw-card\">\n        <h2>Fehlerbehebung<\/h2>\n        <h3>„Mein Verdampfer kokelt“<\/h3>\n        <ul class=\"mdw-list\">\n          <li>Coil alt\/verbrannt? → ersetzen, Watte benetzen.<\/li>\n          <li>Leistung zu hoch? → senken.<\/li>\n          <li>Tank leer oder Liquid zu dick? → auffüllen, anderes Verhältnis testen.<\/li>\n        <\/ul>\n\n        <h3>„Gerät blinkt“<\/h3>\n        <ul class=\"mdw-list\">\n          <li>Akkuschutz aktiv → laden.<\/li>\n          <li>Kurzschluss → Coil prüfen.<\/li>\n          <li>Zugautomatik → Kondenswasser entfernen.<\/li>\n        <\/ul>\n\n        <h3>„Kein Dampf“<\/h3>\n        <ul class=\"mdw-list\">\n          <li>Gerät eingeschaltet?<\/li>\n          <li>Airflow offen, Tank befüllt?<\/li>\n          <li>Kontakt sauber?<\/li>\n        <\/ul>\n      <\/section>\n\n      <!-- Abschluss -->\n      <section class=\"mdw-card mdw-highlight\">\n        <h2>Optimal gepflegt = Langfristig zufrieden<\/h2>\n        <p>Mit der richtigen Pflege hältst du dein Gerät lange funktionsfähig und sparst Geld bei Ersatzteilen.<\/p>\n        <div class=\"mdw-buttons\">\n          <a href=\"\/collections\/ersatzteile\" class=\"mdw-btn mdw-btn--white\">Original Ersatzteile<\/a>\n          <a href=\"\/pages\/kontaktformular\" class=\"mdw-btn mdw-btn-outline\">Kostenlose Beratung<\/a>\n        <\/div>\n      <\/section>\n    <\/main>\n  <\/div>\n<\/section>\n\n<style>\n:root {\n  --mdw-brand:#ABCA20;\n  --mdw-bg:#17171A;\n  --mdw-card:#1C1D22;\n  --mdw-text:#E9EDF3;\n  --mdw-sub:#A4ADBA;\n  --mdw-border:#2A2D33;\n}\n.device-care{\n  background:var(--mdw-bg);\n  color:var(--mdw-text);\n  padding:clamp(24px,4vw,56px) 0;\n  font-family:\"Poppins\",sans-serif;\n}\n.device-care h1,h2,h3{font-family:\"Orbitron\",sans-serif;letter-spacing:.02em;}\n.mdw-container{width:min(1000px,92vw);margin:0 auto;}\n.mdw-hero{text-align:center;margin-bottom:28px;}\n.mdw-hero p{color:var(--mdw-sub);max-width:720px;margin:0 auto;}\n\n\/* Chips *\/\n.mdw-chipbar{\n  display:flex;\n  gap:10px;\n  overflow-x:auto;\n  justify-content:center;\n  margin:0 0 28px;\n  padding-bottom:6px;\n  scrollbar-width:none;\n}\n.mdw-chipbar::-webkit-scrollbar{display:none;}\n.mdw-chipbar a{\n  flex:0 0 auto;\n  background:var(--mdw-card);\n  border:1px solid var(--mdw-border);\n  border-radius:999px;\n  padding:8px 16px;\n  color:var(--mdw-brand);\n  font-weight:600;\n  white-space:nowrap;\n  text-decoration:none;\n  transition:all .2s ease;\n}\n.mdw-chipbar a:hover{\n  background:rgba(171,202,32,.1);\n  border-color:rgba(171,202,32,.4);\n  color:var(--mdw-brand);\n}\n\n\/* Content *\/\n.mdw-content{display:grid;gap:18px;}\n.mdw-card{\n  background:var(--mdw-card);\n  border:1px solid var(--mdw-border);\n  border-radius:16px;\n  padding:clamp(16px,2.4vw,22px);\n  box-shadow:0 8px 20px rgba(0,0,0,.25);\n}\n.mdw-highlight{\n  border:1px solid rgba(171,202,32,.45);\n  box-shadow:0 0 0 1px rgba(171,202,32,.25),0 0 18px rgba(171,202,32,.08);\n}\n.mdw-card h2{margin-top:0;}\n.mdw-card h3{margin-top:18px;margin-bottom:6px;}\n.mdw-list{list-style:none;padding:0;margin:8px 0;}\n.mdw-list li{position:relative;padding-left:26px;margin:6px 0;}\n.mdw-list li::before{\n  content:\"\";\n  position:absolute;left:0;top:.4em;width:16px;height:16px;border-radius:4px;\n  background:var(--mdw-brand);\n  mask:url('data:image\/svg+xml;utf8,<svg xmlns=\"http:\/\/www.w3.org\/2000\/svg\" fill=\"%23000\" viewBox=\"0 0 24 24\"><path d=\"M20.285 6.709a1 1 0 0 1 0 1.414l-9.19 9.19a1 1 0 0 1-1.414 0L3.715 12.55a1 1 0 1 1 1.414-1.414l5.142 5.142 8.483-8.483a1 1 0 0 1 1.531-.086z\"\/><\/svg>') center\/70% no-repeat;\n}\n.mdw-note{\n  display:flex;gap:10px;align-items:flex-start;\n  padding:12px 14px;border-radius:12px;\n  background:rgba(255,255,255,.03);\n  border:1px dashed var(--mdw-border);\n  margin:12px 0 16px;\n}\n.mdw-note__icon{opacity:.9;}\n.mdw-note__body{line-height:1.5;}\n.mdw-table table{width:100%;border-collapse:collapse;margin-top:12px;}\n.mdw-table th,.mdw-table td{border:1px solid var(--mdw-border);padding:8px 10px;text-align:left;}\n.mdw-table th{color:var(--mdw-brand);background:rgba(171,202,32,.08);}\n\n\/* Links ohne underline *\/\n.device-care a{\n  color:var(--mdw-brand);\n  text-decoration:none;\n  font-weight:600;\n  transition:color .2s ease;\n}\n.device-care a:hover{\n  color:#b6d22b;\n}\n\n\/* Buttons *\/\n.mdw-buttons{\n  display:flex;\n  justify-content:center;\n  gap:12px;\n  flex-wrap:wrap;\n  margin-top:16px;\n}\n.mdw-btn{\n  background:var(--mdw-brand);\n  color:#fff !important;\n  border-radius:12px;\n  padding:12px 18px;\n  font-weight:700;\n  text-decoration:none;\n  transition:all .25s ease;\n}\n.mdw-btn:hover{background:#b6d22b;transform:translateY(-1px);}\n.mdw-btn-outline{\n  background:transparent;\n  border:1px solid var(--mdw-brand);\n  color:var(--mdw-brand);\n}\n.mdw-btn-outline:hover{background:rgba(171,202,32,.15);}\n@media(max-width:700px){\n  .mdw-hero h1{font-size:24px;}\n  .mdw-card{padding:16px;}\n  .mdw-buttons{flex-direction:column;}\n}\n\n\/* Footer bleibt unberührt *\/\nfooter a,\n.footer a,\n.site-footer a {\n  text-decoration: none !important;\n  font-family: inherit !important;\n  color: inherit !important;\n}\n\nhtml { scroll-behavior: smooth; }\n<\/style>","custom_css":"\/* Eigene CSS-Regeln hier einfügen *\/","custom_js":"\/\/ Eigene JS-Skripte hier einfügen","full_width":true,"pad_top":0,"pad_bottom":0,"bg_color":"rgba(0,0,0,0)"}}},"order":["main","custom_liquid_iU9ng4"]}