{"sections":{"custom_liquid_C9qEWg":{"type":"custom-liquid","disabled":true,"name":"Custom Liquid Pro","settings":{"custom_liquid":"","custom_css":"\/* Eigene CSS-Regeln hier einfügen *\/","custom_js":"\/\/ Eigene JS-Skripte hier einfügen","full_width":false,"pad_top":40,"pad_bottom":40,"bg_color":"rgba(0,0,0,0)"}},"main":{"type":"nov-product-template","blocks":{"a3d01db6-4304-4e3d-b6f3-f75fc7a51212":{"type":"block_text","settings":{"custom_title":"Versandinformationen","custom_content":"<h3>Versandkosten<\/h3><p>Ab einem Bestellwert von <strong>50 €<\/strong> liefern wir versandkostenfrei.<br\/>Bei Bestellungen unter 50 € werden die Versandkosten automatisch im Checkout berechnet.<\/p><h3>Versanddienstleister<\/h3><p>Der Versand erfolgt in der Regel mit <strong>DHL<\/strong> als Paket mit Alterssichtprüfung (ab 18 Jahren).<br\/>Wir behalten uns vor, in Einzelfällen auf einen anderen Logistikdienstleister auszuweichen.<\/p><h3>Liefergebiet<\/h3><p>Die Lieferung unserer Artikel erfolgt ausschließlich nach <strong>Deutschland<\/strong>.<\/p><h3>Lieferzeiten<\/h3><p>Soweit im jeweiligen Angebot keine andere Frist angegeben ist, erfolgt die Lieferung der Ware innerhalb von <strong>2–4 Werktagen<\/strong> nach Vertragsschluss (bei vereinbarter Vorauszahlung nach dem Zeitpunkt Ihrer Zahlungsanweisung).<br\/>Bitte beachten Sie, dass an Sonn- und Feiertagen keine Zustellung erfolgt.<\/p>"}}},"block_order":["a3d01db6-4304-4e3d-b6f3-f75fc7a51212"],"name":"Produktseite","settings":{"show_border_thumb":false,"c_border":"#ececec","corner_radius":8,"show_stick_product":true,"show_quantity_selector":true,"product_swatch_enable":false,"img_swatch":false,"show_share":true,"show_ask":true,"show_faq":true,"faq":"shopify:\/\/pages\/faq","show_vendor":true,"show_sku":true,"show_categories":false,"show_tags":false,"show_available":true,"show_des":false,"enable_zoom":false,"show_progress_deals":true,"show_countdown":true,"show_related":true,"related_limit":10,"show_description":true,"show_payments":true,"title_payments":"Sichere Zahlungsabwicklung","payments":"shopify:\/\/shop_images\/Design_ohne_Titel_5.svg","time":"Blitzschneller Versand: In 1-3 Tagen bei dir","size_time":"12px","color_time":"#abca20","truck":"Kostenloser Versand: ab 50€ Bestellwert","size_truck":"12px","color_truck":"#abca20","background_color":""}},"58158aa0-4e5c-4e46-accf-37b2fea0a3a7":{"type":"nov-policy","blocks":{"template--20979657310483__58158aa0-4e5c-4e46-accf-37b2fea0a3a7-item_policy-1":{"type":"item_policy","settings":{"policy_icon":"shopify:\/\/shop_images\/Kostenloser_Versand.png","title_policy":"Blitzschneller Versand & diskrete Verpackung","desc_policy":"in 1-3 Tagen bei dir in unauffälliger Verpackung.","mw":330,"link_label":"","link":"","bg_icon":"#f5f5f5","class":"mb-sm-20"}},"template--20979657310483__58158aa0-4e5c-4e46-accf-37b2fea0a3a7-item_policy-2":{"type":"item_policy","settings":{"policy_icon":"shopify:\/\/shop_images\/Sicherer_Einkauf.png","title_policy":"SSL-gesicherte Zahlung & Käuferschutz","desc_policy":"Sichere Zahlungsanbieter für maximale Sicherheit","mw":330,"link_label":"","link":"","bg_icon":"#f5f5f5","class":"mb-sm-20"}},"template--20979657310483__58158aa0-4e5c-4e46-accf-37b2fea0a3a7-item_policy-3":{"type":"item_policy","settings":{"policy_icon":"shopify:\/\/shop_images\/Gepruefte_Qualitaet.png","title_policy":"Geprüfte Qualität","desc_policy":"Nur originale Produkte mit hoher Sicherheit & Standards","mw":330,"link_label":"","link":"","bg_icon":"#f5f6fc","class":""}}},"block_order":["template--20979657310483__58158aa0-4e5c-4e46-accf-37b2fea0a3a7-item_policy-1","template--20979657310483__58158aa0-4e5c-4e46-accf-37b2fea0a3a7-item_policy-2","template--20979657310483__58158aa0-4e5c-4e46-accf-37b2fea0a3a7-item_policy-3"],"name":"Trustelemente","settings":{"heading":"","heading_color":"#222222","subheading":"","subheading_color":"#666666","descheading":"","descheading_color":"#666666","subheading_position":"bottom","heading_alignment":"text-center","style":"style2","width_icon":50,"height_icon":50,"bg_i":true,"bg_i_w":88,"show_border_icon":false,"bg_i_shadow":true,"shadow_color":"","shadow_opacity":40,"icon_animate":false,"text_fz":16,"text_ff":"f_pr","t_fw":"font-700","desc_fz":14,"show_bgitem":false,"bg_itemcolor":"","bd_radius":0,"box_shadow":false,"show_border_item":false,"c_border":"","pt":0,"pb":0,"xxl":3,"xl":3,"lg":3,"md":3,"sm":1,"xs":1,"spacing":30,"animate":true,"show_border_section":false,"border_section_color":"#d2d2d2","container":"container","color_section":"","background_color":"","parallax":false,"bg_size":"full","class":"","px":0,"distance_top_xl":70,"distance_top_md":50,"distance_top_xs":40,"distance_bottom_xl":40,"distance_bottom_md":30,"distance_bottom_xs":20}},"13c52cf8-9f43-42cd-98aa-3998e98b4ab4":{"type":"nov-line","name":"Trennlinie","settings":{"height":1,"color":"#e7e8eb","style":"solid","opacity":100,"animate":false,"container":"container-full","background_color":"#ffffff","class":"","distance_top":0,"distance_bottom":0}},"1709626915e05f89bd":{"type":"apps","blocks":{"air_product_reviews_app_block_review_list_UaVEAK":{"type":"shopify:\/\/apps\/air-product-reviews\/blocks\/app-block-review-list\/c4e1e9ca-4d46-4e76-bc39-7e42417cb327","settings":{"air_blockreviews_summaryHeading":"Kundenrezensionen","air_blockreviews_layout":"list","air_blockreviews_singleStarColor":"#f66104","air_blockreviews_primaryColor":"#121212"}}},"block_order":["air_product_reviews_app_block_review_list_UaVEAK"],"settings":{}},"2046dd06-c8ff-4d5c-9e09-e8c21ef98855":{"type":"nov-product-template-related","disabled":true,"settings":{"heading":"<h2><strong>Das könnte dir gefallen<\/strong><\/h2>","heading_color":"#222222","subheading":"","subheading_color":"#666666","heading_alignment":"text-center","container":"container","color_section":"background-1","background_color":"","class":"","distance_top_xl":90,"distance_top_md":70,"distance_top_xs":50,"distance_bottom_xl":70,"distance_bottom_md":60,"distance_bottom_xs":40}},"166243121355988ca2":{"type":"nov-product-recommendations","custom_css":[".btn-quick-add {display: none;}"],"settings":{"heading":"<p>Wird oft zusammen gekauft<\/p>","heading_color":"#222222","subheading":"","subheading_color":"#666666","descheading":"","descheading_color":"#666666","subheading_position":"bottom","heading_alignment":"text-center","grid_number_xxl":4,"grid_number":4,"grid_number_lg":4,"grid_number_md":3,"grid_number_sm":2,"grid_number_xs":2,"limit":8,"viewmore":true,"animate":true,"container":"container","background_color":"","bg_opacity":100,"class":"","distance_top":40,"distance_bottom":90}},"recent-products":{"type":"nov-recently-viewed","settings":{"heading":"<h2>Kürzlich angesehen<\/h2>","heading_color":"#222222","subheading":"","subheading_color":"#666666","heading_alignment":"text-center","grid_number_xxl":4,"grid_number":4,"grid_number_lg":4,"grid_number_md":3,"grid_number_sm":2,"grid_number_xs":2,"limit":10,"show_nav":false,"animate":true,"show_border":false,"border_color":"#ededed","container":"container","background_color":"","class":"","distance_top_xl":0,"distance_top_md":0,"distance_top_xs":0,"distance_bottom_xl":30,"distance_bottom_md":30,"distance_bottom_xs":30}},"176147297062526dc4":{"type":"apps","blocks":{"air_product_reviews_app_block_review_list_m6W7n7":{"type":"shopify:\/\/apps\/air-product-reviews\/blocks\/app-block-review-list\/c4e1e9ca-4d46-4e76-bc39-7e42417cb327","settings":{"air_blockreviews_summaryHeading":"Reviews","air_blockreviews_layout":"list","air_blockreviews_singleStarColor":"#16a086","air_blockreviews_primaryColor":"#121212"}}},"block_order":["air_product_reviews_app_block_review_list_m6W7n7"],"settings":{}}},"order":["custom_liquid_C9qEWg","main","58158aa0-4e5c-4e46-accf-37b2fea0a3a7","13c52cf8-9f43-42cd-98aa-3998e98b4ab4","1709626915e05f89bd","2046dd06-c8ff-4d5c-9e09-e8c21ef98855","166243121355988ca2","recent-products","176147297062526dc4"]}